Rk,Player,Age,Team,Pos,G,GS,MP,PER,TS%,3PAr,FTr,ORB%,DRB%,TRB%,AST%,STL%,BLK%,TOV%,USG%,OWS,DWS,WS▼,WS/48,OBPM,DBPM,BPM,VORP,Awards,Player-additional
1,Shai Gilgeous-Alexander,27,OKC,PG,49,49,1632,31.5,.670,.231,.469,1.9,12.1,7.2,33.8,1.9,2.3,8.1,33.6,8.5,3.0,11.4,.336,9.1,2.7,11.8,5.7,,gilgesh01
2,Nikola Jokić,30,DEN,C,36,36,1237,35.4,.703,.283,.438,10.8,28.4,20.0,52.6,2.0,1.8,14.3,31.0,7.7,1.7,9.4,.363,11.8,3.9,15.7,5.5,,jokicni01
3,Tyrese Maxey,25,PHI,PG,49,49,1903,22.8,.599,.410,.269,0.8,11.2,5.9,30.0,2.5,1.9,9.1,28.9,5.1,2.1,7.2,.182,5.4,0.8,6.2,3.9,,maxeyty01
4,Kevin Durant,37,HOU,SF,47,47,1721,20.7,.629,.315,.339,1.5,14.6,8.0,19.3,1.1,2.2,12.9,27.1,4.4,1.9,6.3,.177,3.9,0.1,4.0,2.6,,duranke01
5,Jimmy Butler,36,GSW,SF,38,38,1182,23.5,.646,.184,.621,8.1,11.5,9.8,24.3,2.2,0.6,9.3,23.2,4.7,1.3,6.0,.244,4.9,0.6,5.5,2.2,,butleji01
6,Luka Dončić,26,LAL,PG,42,42,1492,27.5,.614,.468,.494,2.6,22.6,12.9,41.7,2.0,1.2,13.7,37.8,4.4,1.6,6.0,.193,7.4,0.7,8.1,3.8,,doncilu01
7,Jamal Murray,28,DEN,PG,47,47,1681,22.6,.616,.398,.264,1.3,11.8,6.8,33.4,1.4,1.0,9.9,28.7,5.0,1.0,6.0,.170,5.8,-1.6,4.2,2.6,,murraja01
8,Julius Randle,31,MIN,PF,52,52,1740,19.9,.596,.300,.398,5.4,16.8,11.2,24.5,1.6,0.6,12.4,26.6,3.8,2.1,5.9,.164,2.4,0.1,2.5,2.0,,randlju01
9,Rudy Gobert,33,MIN,C,50,50,1566,17.5,.676,.006,.635,13.3,26.0,19.8,7.1,1.1,4.7,13.7,12.3,3.3,2.6,5.9,.181,0.0,0.9,0.9,1.2,,goberru01
10,Chet Holmgren,23,OKC,PF,45,45,1316,21.5,.655,.313,.341,7.0,23.9,15.9,8.2,0.9,6.8,10.6,22.3,2.8,3.0,5.9,.214,2.3,1.6,3.8,1.9,,holmgch01
11,Mikal Bridges,29,NYK,SF,51,51,1765,16.6,.602,.447,.092,3.5,9.9,6.6,17.0,2.1,2.4,7.3,17.1,3.8,2.1,5.9,.159,2.2,1.4,3.6,2.5,,bridgmi01
12,Jalen Duren,22,DET,C,43,43,1198,23.9,.665,.000,.480,14.9,26.7,20.9,9.7,1.6,2.8,12.5,22.5,3.5,2.3,5.8,.233,2.9,0.3,3.3,1.6,,durenja01
13,Jalen Brunson,29,NYK,PG,46,46,1592,21.1,.592,.377,.285,1.5,9.0,5.2,29.0,1.0,0.3,8.9,31.0,4.6,1.1,5.7,.173,4.6,-1.4,3.2,2.1,,brunsja01
14,Donovan Mitchell,29,CLE,SG,48,48,1622,23.0,.617,.470,.287,2.6,12.5,7.5,28.7,2.1,0.6,11.7,32.4,4.0,1.8,5.7,.169,5.6,-0.1,5.5,3.1,,mitchdo01
15,Cade Cunningham,24,DET,PG,44,44,1551,21.8,.566,.298,.373,3.1,14.2,8.7,43.2,2.0,2.4,14.3,30.6,3.2,2.5,5.7,.176,4.5,1.2,5.7,3.0,,cunnica01
16,Amen Thompson,23,HOU,PG,50,50,1859,17.9,.565,.125,.352,8.5,14.1,11.3,21.3,1.9,1.5,13.8,20.5,3.4,2.3,5.7,.147,1.0,0.8,1.8,1.8,,thompam01
17,Payton Pritchard,28,BOS,PG,50,48,1632,17.7,.575,.516,.138,3.1,11.3,7.2,23.7,1.1,0.3,6.9,21.2,4.3,1.3,5.7,.166,2.9,-0.6,2.2,1.7,,pritcpa01
18,Karl-Anthony Towns,30,NYK,C,48,48,1510,20.7,.595,.324,.434,10.5,31.3,20.7,13.5,1.4,2.0,12.9,25.8,3.1,2.4,5.6,.177,1.9,0.1,2.1,1.5,,townska01
19,Mark Williams,24,PHO,C,47,43,1130,22.8,.698,.003,.415,14.2,23.5,18.8,6.9,2.0,4.0,11.2,17.4,3.6,1.9,5.5,.233,2.0,0.7,2.7,1.4,,willima07
20,Neemias Queta,26,BOS,C,48,47,1220,19.9,.654,.016,.350,13.1,22.9,18.0,8.4,1.9,5.4,11.9,14.8,3.1,2.2,5.3,.207,0.4,1.6,2.1,1.3,,quetane01
21,Anthony Edwards,24,MIN,SG,42,42,1489,22.6,.619,.405,.359,1.9,14.2,8.1,17.5,1.8,2.0,10.0,31.6,3.2,1.9,5.1,.164,5.1,0.0,5.0,2.6,,edwaran01
22,Scottie Barnes,24,TOR,PF,52,52,1793,19.3,.577,.207,.277,6.9,20.3,13.5,24.7,1.8,4.3,14.1,24.0,2.2,2.9,5.1,.135,1.7,2.0,3.7,2.5,,barnesc01
23,Jalen Johnson,24,ATL,SF,48,48,1711,21.2,.590,.273,.318,4.8,27.7,16.1,34.8,1.6,1.3,15.0,27.1,2.7,2.3,5.0,.140,3.1,1.2,4.3,2.7,,johnsja05
24,Kawhi Leonard,34,LAC,SF,37,37,1211,27.2,.624,.360,.308,3.7,17.7,10.9,21.2,3.1,1.6,8.8,32.9,3.4,1.5,4.9,.196,7.0,0.9,7.9,3.0,,leonaka01
25,Victor Wembanyama,22,SAS,C,37,28,1075,27.8,.622,.299,.438,7.5,33.1,20.5,16.3,1.6,8.3,12.2,32.2,2.3,2.7,4.9,.220,5.2,3.6,8.8,2.9,,wembavi01
26,James Harden,36,LAC,PG,44,44,1559,21.9,.598,.505,.485,2.1,13.4,7.9,37.5,1.8,1.0,14.8,31.3,3.7,1.1,4.8,.148,4.7,-1.1,3.6,2.2,,hardeja01
27,Deni Avdija,25,POR,SF,44,44,1523,20.7,.610,.382,.570,3.4,19.2,11.2,31.3,1.1,1.6,15.8,29.0,3.4,1.4,4.8,.151,4.2,0.2,4.5,2.5,,avdijde01
28,Keldon Johnson,26,SAS,SF,51,0,1223,19.0,.647,.335,.281,8.3,18.2,13.3,9.2,1.4,0.6,8.1,20.1,3.1,1.7,4.8,.187,2.3,0.2,2.5,1.4,,johnske04
29,Giannis Antetokounmpo,31,MIL,PF,30,30,876,33.4,.679,.078,.612,10.9,27.5,19.3,38.6,1.5,2.4,13.9,36.3,3.7,1.1,4.7,.260,8.1,2.3,10.4,2.7,,antetgi01
30,Donovan Clingan,21,POR,C,47,47,1285,19.5,.597,.362,.296,17.9,26.5,22.1,10.6,0.8,4.4,10.0,15.4,3.1,1.6,4.7,.177,2.1,-0.2,1.9,1.2,,clingdo01
31,Moussa Diabaté,24,CHO,C,48,22,1207,17.7,.661,.004,.545,16.9,21.3,19.2,8.7,1.3,3.7,12.7,12.1,3.1,1.6,4.7,.186,0.3,0.6,1.0,0.9,,diabamo01
32,Kon Knueppel,20,CHO,SF,51,50,1634,17.0,.643,.580,.212,4.3,14.6,9.6,17.1,1.1,0.6,13.2,22.2,3.4,1.3,4.7,.137,2.9,-0.6,2.3,1.8,,knuepko01
33,Alperen Şengün,23,HOU,C,43,43,1458,21.3,.550,.118,.366,10.4,20.0,15.2,28.6,2.0,2.6,14.6,27.3,2.4,2.3,4.7,.153,2.8,1.4,4.1,2.2,,sengual01
34,Luke Kornet,30,SAS,C,41,22,964,18.4,.685,.000,.436,14.5,16.7,15.6,11.1,1.0,4.7,7.8,10.6,3.1,1.5,4.6,.229,1.6,2.0,3.6,1.4,,kornelu01
35,Collin Gillespie,26,PHO,PG,51,32,1446,17.1,.605,.664,.118,3.8,12.4,8.0,24.0,2.4,0.8,12.8,19.4,2.8,1.8,4.6,.152,3.1,0.9,4.0,2.2,,gilleco01
36,Immanuel Quickley,26,TOR,PG,50,50,1625,16.6,.577,.524,.237,2.0,13.4,7.6,27.0,1.9,0.3,10.1,21.6,2.7,1.9,4.5,.134,1.8,0.3,2.1,1.7,,quickim01
37,Jaylen Brown,29,BOS,SF,46,46,1580,22.7,.576,.264,.313,3.9,18.5,11.2,24.3,1.5,1.1,12.3,36.7,2.4,2.0,4.4,.134,3.9,-0.6,3.3,2.1,,brownja02
38,Trey Murphy III,25,NOP,SF,49,49,1760,18.6,.611,.518,.234,3.2,14.7,8.8,15.9,2.1,0.8,9.3,23.1,3.4,1.0,4.4,.120,3.0,-0.9,2.1,1.8,,murphtr02
39,DeMar DeRozan,36,SAC,PF,52,52,1714,18.0,.604,.159,.419,1.6,9.4,5.4,18.6,1.8,0.6,6.9,22.2,3.9,0.4,4.3,.122,1.0,-0.6,0.4,1.0,,derozde01
40,Donte DiVincenzo,29,MIN,SG,52,52,1640,14.0,.585,.757,.141,3.8,11.8,7.9,17.9,2.1,1.3,11.5,17.2,2.3,2.0,4.3,.126,0.9,0.9,1.8,1.6,,divindo01
41,Jaden McDaniels,25,MIN,PF,50,50,1616,14.4,.627,.314,.222,3.9,10.7,7.4,12.5,1.4,2.6,12.5,18.1,2.4,1.8,4.2,.123,-0.3,0.4,0.1,0.9,,mcdanja02
42,Miles Bridges,27,CHO,PF,51,51,1653,16.0,.562,.448,.246,3.6,17.3,10.6,16.6,0.8,1.4,8.0,22.9,2.7,1.4,4.1,.120,1.3,-0.6,0.8,1.1,,bridgmi02
43,Derrick White,31,BOS,SG,49,49,1676,16.4,.522,.575,.177,3.4,11.0,7.2,22.7,1.8,4.0,10.3,23.3,2.1,2.0,4.1,.118,2.2,0.5,2.7,2.0,,whitede01
44,Stephen Curry,37,GSW,PG,39,39,1222,22.7,.636,.602,.274,1.4,11.1,6.2,27.4,1.7,1.2,11.7,32.7,2.8,1.3,4.1,.160,6.3,-1.0,5.3,2.2,,curryst01
45,Jarrett Allen,27,CLE,C,40,40,1081,20.0,.645,.025,.434,9.2,23.5,16.3,10.8,1.8,3.0,11.5,18.7,2.4,1.6,4.1,.181,0.9,0.9,1.8,1.0,,allenja01
46,Kel'el Ware,21,MIA,C,48,27,1081,20.1,.625,.338,.170,13.7,28.4,21.0,3.7,1.6,4.2,9.0,17.9,2.0,2.0,4.1,.180,2.1,0.1,2.2,1.2,,wareke01
47,Jabari Smith Jr.,22,HOU,PF,49,49,1707,13.2,.554,.496,.206,4.8,16.8,10.8,7.5,1.1,2.6,8.9,17.9,2.0,2.1,4.1,.114,-0.7,-0.1,-0.8,0.5,,smithja05
48,Nic Claxton,26,BRK,C,48,47,1404,18.4,.601,.031,.414,9.6,19.8,14.5,22.3,1.2,4.1,12.2,17.3,2.8,1.2,4.0,.138,0.7,1.1,1.8,1.3,,claxtni01
49,Naji Marshall,28,DAL,SF,50,27,1477,16.0,.619,.286,.375,3.4,14.3,9.0,14.5,1.6,0.3,10.2,19.0,2.4,1.6,4.0,.131,-0.1,0.7,0.6,1.0,,marshna01
50,Cam Spencer,25,MEM,SG,48,14,1158,17.4,.665,.613,.257,2.1,9.7,6.0,33.1,1.4,0.3,14.6,17.9,3.2,0.8,4.0,.166,3.1,-0.4,2.7,1.4,,spencca01
51,Sandro Mamukelashvili,26,TOR,C,51,11,1158,18.0,.638,.451,.249,7.5,17.5,12.5,12.7,1.6,2.7,9.2,18.4,2.4,1.6,4.0,.166,2.0,0.6,2.6,1.3,,mamuksa01
52,Ivica Zubac,28,LAC,C,43,42,1328,19.0,.635,.000,.308,13.5,27.6,20.8,11.6,0.6,2.6,14.4,19.0,2.6,1.3,3.9,.143,0.9,-0.9,0.0,0.7,,zubaciv01
53,Evan Mobley,24,CLE,PF,42,40,1402,18.6,.576,.278,.338,7.4,21.2,14.3,17.4,1.3,5.4,11.9,21.9,1.9,2.1,3.9,.135,1.2,1.5,2.7,1.7,,mobleev01
54,Devin Booker,29,PHO,SG,41,41,1394,19.7,.580,.297,.438,2.6,10.6,6.6,29.8,1.3,0.8,13.1,31.4,2.7,1.2,3.9,.135,2.7,-1.0,1.7,1.3,,bookede01
55,Deandre Ayton,27,LAL,C,45,45,1270,18.6,.682,.000,.194,10.9,23.7,17.5,4.9,1.1,3.3,12.3,17.2,2.5,1.3,3.8,.144,0.1,-1.0,-0.9,0.4,,aytonde01
56,Wendell Carter Jr.,26,ORL,C,48,48,1422,14.3,.612,.401,.335,8.1,19.4,13.7,9.9,1.2,2.1,11.0,15.6,2.2,1.6,3.8,.128,-0.7,0.3,-0.3,0.6,,cartewe01
57,De'Aaron Fox,28,SAS,PG,42,42,1366,17.7,.581,.384,.254,2.0,11.1,6.6,29.5,1.8,0.8,12.8,25.1,2.0,1.8,3.7,.132,1.7,0.5,2.2,1.5,,foxde01
58,Josh Hart,30,NYK,SF,39,25,1192,16.3,.614,.430,.213,5.5,22.1,13.6,22.7,2.0,1.1,17.0,16.6,2.1,1.7,3.7,.151,1.3,2.0,3.3,1.6,,hartjo01
59,Naz Reid,26,MIN,C,52,2,1374,17.1,.597,.554,.133,5.0,21.4,13.3,13.7,1.8,3.1,11.7,22.0,1.6,2.2,3.7,.131,1.4,1.0,2.4,1.5,,reidna01
60,Ajay Mitchell,23,OKC,SG,43,9,1129,17.2,.590,.300,.287,2.9,11.0,7.2,19.9,2.6,1.2,11.7,22.3,1.6,2.1,3.7,.158,0.4,1.6,2.0,1.1,,mitchaj01
61,Julian Champagnie,24,SAS,SF,51,37,1455,12.8,.604,.770,.226,3.5,19.1,11.5,6.8,1.3,1.2,9.3,15.6,1.6,2.1,3.7,.121,0.3,0.6,0.8,1.1,,champju02
62,Nikola Vučević,35,CHI,C,48,48,1480,18.3,.585,.330,.112,7.4,23.6,15.6,18.5,1.0,1.8,9.1,21.7,2.3,1.3,3.6,.118,1.9,-0.2,1.7,1.4,,vucevni01
63,Tre Jones,26,CHI,PG,38,20,1020,18.5,.648,.212,.457,2.6,9.2,5.9,30.1,2.3,0.6,12.5,17.2,2.9,0.7,3.6,.171,0.9,0.4,1.3,0.9,,jonestr01
64,Luka Garza,27,BOS,C,42,2,717,20.7,.696,.330,.354,16.4,11.6,14.0,9.0,1.3,3.0,9.3,16.3,2.8,0.8,3.6,.241,2.8,0.2,3.1,0.9,,garzalu01
65,Jaylon Tyson,23,CLE,SG,47,32,1310,16.0,.637,.429,.157,7.8,13.5,10.6,12.1,1.5,1.4,12.3,18.7,2.3,1.3,3.6,.132,1.4,-0.3,1.1,1.0,,tysonja01
66,Duncan Robinson,31,DET,SF,48,48,1368,11.5,.608,.790,.148,1.5,8.6,5.1,8.6,1.1,1.1,6.4,15.5,2.0,1.5,3.5,.124,0.2,-0.3,-0.1,0.7,,robindu01
67,Saddiq Bey,26,NOP,SF,46,38,1398,17.3,.574,.420,.313,5.8,15.0,10.3,11.7,1.5,0.1,4.2,20.5,3.0,0.5,3.5,.120,2.4,-1.8,0.7,0.9,,beysa01
68,Ausar Thompson,23,DET,SF,46,45,1187,16.2,.541,.051,.368,9.4,16.4,12.9,14.6,3.5,3.1,12.9,18.0,1.0,2.5,3.5,.140,-0.9,2.9,2.0,1.2,,thompau01
69,OG Anunoby,28,NYK,PF,41,41,1353,15.7,.603,.461,.291,4.7,13.7,9.1,10.1,2.6,2.1,13.1,20.2,1.6,1.9,3.4,.122,0.4,1.0,1.5,1.2,,anunoog01
70,Norman Powell,32,MIA,SG,43,43,1319,18.0,.612,.444,.347,1.2,11.1,6.1,12.9,1.7,0.7,9.5,27.3,1.9,1.5,3.4,.123,2.2,0.0,2.1,1.4,,powelno01
71,Austin Reaves,27,LAL,SG,25,22,857,23.5,.671,.459,.536,2.4,15.0,8.9,27.1,1.4,0.5,14.3,29.1,2.8,0.5,3.4,.189,5.3,-1.0,4.4,1.4,,reaveau01
72,Desmond Bane,27,ORL,SG,50,50,1696,15.4,.576,.335,.241,4.1,10.0,7.0,19.5,1.3,1.4,11.4,23.4,2.0,1.4,3.4,.095,0.5,-0.7,-0.2,0.8,,banede01
73,Mitchell Robinson,27,NYK,C,36,13,714,19.9,.642,.000,.491,25.7,24.5,25.1,6.5,2.1,5.8,15.0,9.5,2.0,1.3,3.3,.224,1.8,0.9,2.7,0.8,,robinmi01
74,Ryan Kalkbrenner,24,CHO,C,40,26,930,17.8,.765,.011,.419,12.0,17.2,14.7,4.2,1.3,6.0,15.7,11.8,2.1,1.3,3.3,.172,0.1,1.2,1.4,0.8,,kalkbry01
75,Lauri Markkanen,28,UTA,PF,38,38,1338,21.1,.611,.404,.344,6.0,15.8,10.8,10.1,1.4,1.5,6.3,27.8,3.2,0.2,3.3,.119,4.6,-2.2,2.3,1.4,,markkla01
76,Zion Williamson,25,NOP,PF,37,30,1095,23.1,.622,.006,.594,8.2,14.9,11.4,19.8,1.7,2.1,11.5,27.4,2.7,0.6,3.3,.145,3.6,-0.7,2.9,1.4,,willizi01
77,Cooper Flagg,19,DAL,SF,47,47,1607,17.5,.562,.222,.282,3.6,16.4,10.2,19.0,1.7,2.0,10.8,25.0,1.2,2.1,3.3,.099,0.6,0.9,1.6,1.4,,flaggco01
78,Onyeka Okongwu,25,ATL,C,47,36,1503,15.9,.590,.433,.217,6.4,20.4,13.3,14.7,1.8,2.7,12.6,20.6,1.4,1.9,3.3,.104,-0.4,0.3,-0.1,0.7,,okongon01
79,Dyson Daniels,22,ATL,SG,51,51,1723,14.1,.517,.139,.164,7.0,14.0,10.4,24.7,2.6,1.1,15.2,16.1,1.2,2.0,3.2,.090,-1.5,1.2,-0.3,0.7,,daniedy01
80,Joel Embiid,31,PHI,C,30,30,939,24.7,.603,.211,.469,7.4,19.2,13.1,22.1,1.0,3.2,12.1,33.7,2.2,1.0,3.2,.164,4.8,-0.3,4.5,1.5,,embiijo01
81,Isaiah Stewart,24,DET,C,46,12,1084,14.7,.616,.312,.309,7.8,16.9,12.4,7.0,0.5,7.5,12.6,16.3,1.4,1.8,3.2,.141,-1.6,1.2,-0.3,0.5,,stewais01
82,Jock Landale,30,2TM,C,46,26,1092,17.4,.604,.340,.226,14.4,15.1,14.7,11.0,1.1,2.2,9.8,18.6,2.1,1.0,3.2,.140,1.4,-0.8,0.6,0.7,,landajo01
83,Reed Sheppard,21,HOU,SG,50,5,1224,14.9,.541,.565,.102,1.3,10.0,5.6,17.1,2.9,2.1,9.5,21.6,1.5,1.7,3.2,.124,0.4,1.4,1.8,1.2,,sheppre01
84,Bam Adebayo,28,MIA,C,44,44,1369,17.2,.548,.320,.311,6.9,25.7,16.3,12.6,1.4,2.0,9.9,23.8,1.0,2.2,3.1,.110,0.9,0.5,1.3,1.2,,adebaba01
85,Isaiah Hartenstein,27,OKC,C,27,26,707,19.4,.655,.026,.347,14.2,26.5,20.6,16.5,1.9,2.6,20.1,17.3,1.4,1.7,3.1,.213,0.5,2.2,2.7,0.9,,harteis01
86,John Collins,28,LAC,PF,47,38,1295,16.2,.659,.355,.224,6.1,14.8,10.6,5.4,1.5,2.7,11.3,18.8,2.0,1.1,3.1,.115,0.3,-0.5,-0.1,0.6,,collijo01
87,Goga Bitadze,26,ORL,C,42,1,672,20.4,.711,.067,.347,14.3,20.8,17.5,10.4,2.1,6.5,11.3,12.2,2.0,1.1,3.1,.221,1.0,2.4,3.4,0.9,,bitadgo01
88,Cason Wallace,22,OKC,SG,49,39,1299,11.2,.534,.559,.110,3.5,8.6,6.2,10.1,3.8,0.9,10.8,13.5,0.4,2.7,3.1,.114,-2.5,3.2,0.8,0.9,,wallaca01
89,Ayo Dosunmu,26,CHI,SG,45,10,1187,17.2,.636,.397,.216,3.0,9.1,6.1,20.5,1.4,0.9,10.3,21.1,2.4,0.6,3.0,.122,1.6,-1.0,0.6,0.8,,dosunay01
90,Tim Hardaway Jr.,33,DEN,SG,51,5,1401,14.0,.625,.695,.228,0.9,9.6,5.5,7.0,1.0,0.5,4.1,18.5,2.5,0.5,3.0,.103,1.5,-2.1,-0.7,0.5,,hardati02
91,Brandon Ingram,28,TOR,SF,51,51,1742,16.7,.570,.290,.262,2.7,16.7,9.6,17.3,1.1,2.3,11.4,27.4,0.9,2.1,3.0,.083,1.1,-0.5,0.6,1.2,,ingrabr01
92,Keyonte George,22,UTA,PG,47,47,1615,18.7,.614,.409,.435,1.5,11.2,6.3,29.7,1.5,0.8,14.5,27.7,3.0,0.0,3.0,.088,3.0,-2.3,0.6,1.1,,georgke01
93,Brandin Podziemski,22,GSW,SG,52,19,1377,13.8,.574,.477,.263,2.9,16.2,9.5,19.2,2.0,0.7,12.9,18.9,1.3,1.7,3.0,.103,-0.7,0.5,-0.2,0.6,,podzibr01
94,Harrison Barnes,33,SAS,PF,51,49,1436,11.0,.590,.616,.217,3.0,8.2,5.7,10.0,1.1,0.6,9.8,15.0,1.5,1.4,2.9,.098,-0.7,-0.1,-0.8,0.4,,barneha02
95,Royce O'Neale,32,PHO,SF,52,47,1534,11.2,.590,.806,.064,2.4,15.9,9.0,13.5,1.9,0.9,14.9,14.6,1.0,1.9,2.9,.091,-0.5,0.9,0.3,0.9,,onealro01
96,Sam Hauser,28,BOS,PF,49,21,1170,12.4,.590,.864,.032,3.0,14.5,8.8,7.8,1.3,1.3,6.6,15.0,1.7,1.2,2.9,.119,0.8,-0.2,0.6,0.8,,hausesa01
97,Day'Ron Sharpe,24,BRK,C,48,3,878,20.7,.650,.127,.510,15.9,26.4,20.9,20.0,3.0,2.0,20.2,18.7,1.7,1.2,2.9,.159,0.6,1.3,1.9,0.9,,sharpda01
98,Anfernee Simons,26,2TM,SG,50,1,1234,15.3,.582,.587,.123,2.3,8.3,5.3,14.2,1.1,0.6,8.6,23.5,2.0,0.9,2.9,.113,1.7,-1.3,0.4,0.8,,simonan01
99,Dominick Barlow,22,PHI,PF,41,34,983,15.0,.621,.242,.294,10.3,13.0,11.7,7.3,2.0,2.3,10.3,13.4,1.8,1.1,2.9,.140,-0.2,0.3,0.1,0.5,,barlodo01
100,Grayson Allen,30,PHO,SG,35,26,1059,16.1,.578,.673,.214,2.6,8.7,5.5,19.6,2.3,0.9,10.3,22.9,1.7,1.1,2.8,.129,2.0,0.1,2.1,1.1,,allengr01
101,Pascal Siakam,31,IND,PF,48,48,1629,18.9,.565,.260,.320,4.9,17.1,10.8,20.7,1.5,1.2,9.5,29.0,1.4,1.4,2.8,.084,2.4,-0.7,1.7,1.5,,siakapa01
102,VJ Edgecombe,20,PHI,SG,47,47,1677,13.2,.534,.437,.179,4.9,12.0,8.4,17.0,2.1,1.2,11.3,19.0,1.1,1.7,2.8,.081,-0.8,0.2,-0.6,0.6,,edgecvj01
103,Michael Porter Jr.,27,BRK,SF,40,40,1323,20.8,.609,.509,.232,4.2,22.0,12.6,18.8,1.6,0.7,10.7,30.4,1.8,1.0,2.8,.103,4.8,-1.0,3.9,1.9,,portemi01
104,Santi Aldama,25,MEM,PF,43,11,1198,16.3,.572,.420,.239,6.0,19.4,12.7,15.6,1.5,2.4,9.5,20.0,1.4,1.4,2.8,.113,1.2,0.7,1.9,1.2,,aldamsa01
105,Isaiah Joe,26,OKC,SG,43,2,890,13.5,.629,.808,.222,2.4,10.2,6.5,8.8,1.3,1.0,7.5,17.4,1.5,1.3,2.8,.151,0.8,0.0,0.8,0.6,,joeis01
106,Max Christie,22,DAL,SG,47,38,1396,12.5,.628,.604,.202,0.8,11.0,6.0,10.4,0.8,1.0,9.7,16.5,1.6,1.2,2.8,.096,0.0,0.0,0.0,0.7,,chrisma02
107,Paolo Banchero,23,ORL,PF,40,40,1372,17.9,.565,.231,.504,3.7,24.3,13.8,21.9,0.9,1.7,12.7,26.9,1.2,1.5,2.8,.097,1.5,0.1,1.6,1.2,,banchpa01
108,Nickeil Alexander-Walker,27,ATL,SG,51,44,1682,15.4,.583,.518,.245,1.9,9.6,5.7,15.6,1.6,1.6,10.1,24.6,1.4,1.4,2.7,.078,0.7,-1.1,-0.3,0.7,,alexani01
109,LaMelo Ball,24,CHO,PG,42,39,1153,19.0,.538,.557,.156,3.6,16.3,10.1,44.9,2.0,0.8,14.8,32.0,1.5,1.3,2.7,.113,4.0,-0.6,3.4,1.6,,ballla01
110,Andrew Wiggins,30,MIA,SF,47,47,1466,14.3,.565,.371,.176,5.7,10.3,8.0,12.8,1.8,2.8,11.3,20.2,0.9,1.8,2.7,.089,0.0,0.5,0.5,0.9,,wiggian01
111,Ryan Rollins,23,MIL,PG,49,44,1566,16.3,.570,.422,.152,3.1,13.0,8.1,26.4,2.3,1.2,13.4,23.6,1.3,1.4,2.7,.083,0.6,-0.2,0.4,0.9,,rolliry01
112,LeBron James,41,LAL,SF,33,33,1093,20.7,.587,.279,.339,2.5,16.9,10.0,32.5,1.6,1.6,13.6,28.2,1.8,0.9,2.7,.118,3.2,-0.4,2.9,1.4,,jamesle01
113,Jordan Walsh,21,BOS,PF,46,20,844,13.5,.625,.448,.240,8.4,17.1,12.8,5.8,2.2,2.5,10.6,11.6,1.4,1.2,2.7,.153,-1.3,1.3,0.0,0.4,,walshjo01
114,Javonte Green,32,DET,SG,50,4,934,13.2,.594,.561,.307,4.6,11.7,8.2,5.2,3.5,1.7,10.2,14.7,1.0,1.7,2.7,.138,-1.3,2.4,1.1,0.7,,greenja02
115,Davion Mitchell,27,MIA,PG,42,42,1216,12.1,.559,.381,.135,1.4,7.5,4.5,32.0,1.9,0.4,17.0,13.5,1.4,1.2,2.7,.106,-1.7,0.7,-1.0,0.3,,mitchda01
116,Jaime Jaquez Jr.,24,MIA,SF,47,1,1353,15.6,.573,.152,.259,4.6,14.7,9.6,23.5,1.3,0.7,14.0,22.1,1.2,1.5,2.7,.095,-0.2,0.3,0.2,0.7,,jaqueja01
117,Pelle Larsson,24,MIA,SG,44,31,1066,13.6,.600,.378,.348,3.4,10.5,7.0,18.1,1.3,0.8,11.1,16.4,1.6,1.0,2.7,.121,-0.7,0.5,-0.2,0.5,,larsspe01
118,Robert Williams,28,POR,C,35,1,574,22.5,.769,.099,.198,13.0,30.1,21.4,9.9,1.9,7.6,14.9,11.8,1.6,1.1,2.6,.220,2.7,2.6,5.3,1.1,,williro04
119,Tobias Harris,33,DET,PF,34,34,941,14.3,.571,.367,.251,3.8,14.6,9.3,12.5,1.5,0.7,8.6,19.3,1.3,1.3,2.6,.133,0.2,0.3,0.5,0.6,,harrito02
120,Quentin Grimes,25,PHI,SG,47,7,1406,13.0,.592,.571,.328,2.3,11.8,6.9,17.0,1.6,1.2,14.7,18.0,1.4,1.2,2.6,.089,-0.6,-0.3,-0.8,0.4,,grimequ01
121,Collin Murray-Boyles,20,TOR,PF,42,18,944,15.2,.596,.180,.238,12.2,13.2,12.7,13.0,2.0,3.9,14.8,15.0,1.3,1.3,2.6,.132,-0.8,1.4,0.6,0.6,,murraco01
122,Miles McBride,25,NYK,SG,35,14,981,13.5,.592,.671,.119,2.4,7.8,5.1,13.6,1.5,0.6,6.8,17.6,1.8,0.8,2.6,.126,1.3,-0.1,1.3,0.8,,mcbrimi01
123,Jaxson Hayes,25,LAL,C,41,4,712,16.5,.771,.007,.536,9.5,15.9,12.8,6.6,1.0,3.4,10.5,11.6,2.0,0.6,2.6,.173,-0.2,0.0,-0.2,0.3,,hayesja02
124,Franz Wagner,24,ORL,SF,26,26,854,19.8,.593,.258,.418,5.3,15.6,10.3,17.5,1.6,0.9,8.8,26.3,1.7,0.8,2.6,.144,3.0,-0.1,2.8,1.0,,wagnefr01
125,Myles Turner,29,MIL,C,47,47,1343,14.6,.589,.578,.283,4.7,17.0,10.9,7.8,1.2,5.6,9.5,18.8,1.2,1.4,2.5,.091,-0.5,-0.1,-0.6,0.5,,turnemy01
126,Jake LaRavia,24,LAL,PF,50,29,1354,12.7,.578,.481,.286,6.3,11.3,8.9,9.8,2.6,1.6,12.0,14.9,1.3,1.2,2.5,.090,-1.1,0.2,-0.9,0.4,,laravja01
127,Collin Sexton,27,CHO,SG,42,12,938,17.6,.619,.350,.372,2.2,7.3,4.8,26.4,1.9,0.7,15.6,25.6,1.8,0.8,2.5,.129,1.6,-0.6,0.9,0.7,,sextoco01
128,Stephon Castle,21,SAS,PG,41,40,1262,15.7,.553,.304,.478,4.2,13.0,8.7,32.5,2.1,0.9,18.6,25.2,0.7,1.8,2.5,.095,-0.5,0.8,0.3,0.7,,castlst01
129,Daniel Gafford,27,DAL,C,35,25,750,17.1,.673,.000,.511,11.3,21.2,16.3,5.9,1.8,5.2,16.9,14.5,1.2,1.3,2.5,.160,-1.7,2.0,0.3,0.4,,gaffoda01
130,Jordan Goodwin,27,PHO,PG,49,3,1075,14.7,.514,.528,.095,9.4,15.0,12.2,14.7,3.4,0.9,11.1,18.4,0.8,1.7,2.5,.110,0.3,1.5,1.8,1.0,,goodwjo01
131,Luke Kennard,29,ATL,SG,46,0,944,13.5,.713,.621,.146,2.1,9.3,5.7,13.3,1.6,0.5,11.1,12.7,1.8,0.7,2.5,.125,0.1,0.0,0.1,0.5,,kennalu01
132,Moses Moody,23,GSW,SG,50,39,1229,12.9,.590,.671,.182,3.7,11.1,7.4,8.3,1.8,2.3,8.6,17.7,1.1,1.4,2.4,.095,-0.2,-0.2,-0.3,0.5,,moodymo01
133,Josh Giddey,23,CHI,PG,34,31,1090,19.3,.575,.343,.379,4.1,24.3,14.3,39.9,1.3,0.9,18.0,25.9,1.4,1.0,2.4,.107,2.6,0.2,2.9,1.3,,giddejo01
134,Dru Smith,28,MIA,SG,51,1,887,14.8,.537,.423,.328,4.9,10.3,7.6,20.4,4.0,1.7,12.9,15.8,0.9,1.6,2.4,.131,-1.3,3.7,2.4,1.0,,smithdr01
135,Peyton Watson,23,DEN,SF,49,39,1502,14.6,.600,.338,.331,3.6,14.0,9.1,9.1,1.6,3.5,12.4,20.3,1.0,1.3,2.4,.077,-0.5,-0.6,-1.1,0.4,,watsope01
136,Anthony Black,22,ORL,PG,50,30,1552,14.3,.561,.384,.300,2.6,12.1,7.3,19.6,2.1,2.1,13.6,22.2,0.6,1.7,2.4,.073,-0.6,0.4,-0.2,0.7,,blackan01
137,Cedric Coward,22,MEM,SG,46,33,1227,14.7,.578,.420,.248,5.6,19.3,12.5,16.4,0.9,1.4,12.9,20.9,1.1,1.2,2.3,.090,0.1,-0.2,-0.1,0.6,,cowarce01
138,Luguentz Dort,26,OKC,SF,41,41,1138,9.0,.547,.717,.101,3.6,11.5,7.7,5.5,1.6,1.7,8.0,13.7,0.4,1.9,2.3,.097,-2.1,0.8,-1.3,0.2,,dortlu01
139,Craig Porter Jr.,25,CLE,PG,46,2,827,14.7,.539,.344,.149,8.2,12.9,10.5,22.4,2.6,3.2,16.1,12.4,1.1,1.2,2.3,.133,0.5,2.5,2.9,1.0,,portecr01
140,Devin Vassell,25,SAS,SG,38,36,1181,12.3,.549,.563,.162,1.7,11.6,6.7,10.2,1.3,1.2,6.4,18.9,0.8,1.4,2.3,.092,-0.6,0.0,-0.6,0.4,,vassede01
141,Andre Drummond,32,PHI,C,38,18,753,17.1,.561,.237,.300,18.8,30.4,24.5,5.4,1.4,4.0,13.6,15.3,1.1,1.2,2.3,.144,-0.2,-0.6,-0.8,0.2,,drumman01
142,Marvin Bagley III,26,WAS,PF,38,8,731,20.6,.667,.077,.394,13.9,17.3,15.6,11.8,1.3,3.2,13.2,19.0,1.9,0.4,2.3,.148,1.9,-1.0,0.9,0.5,,baglema01
143,Aaron Gordon,30,DEN,PF,23,20,642,20.6,.632,.385,.399,5.6,18.8,12.5,13.6,1.2,0.6,7.0,23.6,1.8,0.5,2.3,.168,3.8,-1.1,2.7,0.7,,gordoaa01
144,Dean Wade,29,CLE,PF,43,22,980,10.4,.564,.735,.176,3.8,16.0,9.9,8.5,1.7,1.6,5.6,9.9,1.1,1.1,2.2,.110,-1.4,1.2,-0.2,0.4,,wadede01
145,Jalen Smith,25,CHI,C,43,12,868,17.5,.608,.530,.216,10.2,26.3,18.4,8.9,1.0,3.3,10.0,19.4,1.3,0.9,2.2,.124,0.7,-1.0,-0.3,0.4,,smithja04
146,Jerami Grant,31,POR,PF,35,16,1016,15.6,.593,.460,.493,3.3,9.8,6.5,13.0,1.1,2.0,12.0,25.0,1.6,0.6,2.2,.104,1.1,-1.3,-0.2,0.5,,grantje01
147,Sam Merrill,29,CLE,SG,28,19,712,14.9,.681,.805,.146,2.9,6.8,4.8,12.7,1.1,0.5,8.6,17.7,1.7,0.5,2.2,.148,2.2,-1.1,1.1,0.6,,merrisa01
148,Andrew Nembhard,26,IND,PG,40,40,1282,15.8,.563,.376,.302,1.5,8.7,4.9,36.7,1.3,0.5,13.5,23.4,1.5,0.7,2.2,.082,1.1,-1.8,-0.7,0.4,,nembhan01
149,Dillon Brooks,30,PHO,SF,46,46,1432,14.6,.552,.393,.225,2.5,10.7,6.5,9.2,1.7,0.5,8.8,28.3,0.8,1.4,2.1,.072,-0.8,-1.2,-2.0,0.0,,brookdi01
150,Oso Ighodaro,23,PHO,PF,52,7,1045,12.0,.611,.005,.342,7.7,17.2,12.3,11.9,2.3,2.7,22.4,12.1,0.6,1.6,2.1,.098,-3.3,2.3,-1.1,0.3,,ighodos01
151,Jay Huff,27,IND,C,51,28,994,15.4,.595,.641,.149,5.2,16.1,10.5,9.6,1.1,8.6,10.3,17.3,0.8,1.3,2.1,.102,-0.8,1.9,1.1,0.8,,huffja01
152,Steven Adams,32,HOU,C,32,11,730,15.9,.535,.000,.583,21.7,19.7,20.7,8.4,1.5,2.5,16.7,12.0,1.1,1.0,2.1,.138,-0.1,-0.4,-0.5,0.3,,adamsst01
153,Toumani Camara,25,POR,PF,51,51,1721,10.3,.564,.666,.161,5.4,11.6,8.5,11.0,1.4,1.2,14.8,16.1,0.9,1.2,2.1,.057,-1.4,-0.6,-2.0,0.0,,camarto01
154,Jaren Jackson Jr.,26,MEM,C,45,45,1382,15.3,.574,.328,.279,3.2,16.6,9.9,9.8,1.6,4.6,11.7,25.5,0.2,1.8,2.1,.071,-1.3,0.6,-0.6,0.5,,jacksja02
155,Will Richard,23,GSW,SG,47,15,912,12.1,.607,.619,.184,5.6,8.5,7.1,10.0,3.0,0.5,12.6,14.0,0.9,1.1,2.0,.108,-1.8,1.2,-0.6,0.3,,richawi02
156,Alex Sarr,20,WAS,C,40,40,1130,20.5,.557,.210,.238,8.9,19.9,14.3,15.9,1.4,6.4,10.0,25.5,1.1,0.9,2.0,.087,1.7,-0.1,1.5,1.0,,sarral01
157,Matas Buzelis,21,CHI,PF,52,52,1469,14.8,.595,.478,.251,4.2,15.7,10.1,10.4,1.1,4.4,12.7,21.5,0.7,1.3,2.0,.067,-0.8,-0.4,-1.2,0.3,,buzelma01
158,Josh Okogie,27,HOU,SG,50,29,1000,10.3,.566,.546,.255,6.7,9.1,7.9,5.9,2.4,1.1,12.4,11.4,0.9,1.2,2.0,.097,-2.1,1.0,-1.1,0.2,,okogijo01
159,Justin Champagnie,24,WAS,SF,47,12,894,16.1,.579,.359,.222,11.4,19.9,15.6,7.9,1.9,2.6,8.6,15.1,1.3,0.6,2.0,.107,-0.2,-0.8,-0.9,0.2,,champju01
160,Jalen Williams,24,OKC,SG,24,24,711,17.8,.542,.179,.250,2.6,14.3,8.7,28.2,2.2,1.2,11.2,25.6,0.6,1.4,2.0,.135,0.4,1.1,1.5,0.6,,willija06
161,Kris Dunn,31,LAC,PG,50,44,1358,10.9,.578,.466,.178,3.6,8.8,6.3,16.6,2.7,0.6,17.4,13.2,0.9,1.1,2.0,.069,-2.5,0.9,-1.6,0.1,,dunnkr01
162,Tari Eason,24,HOU,PF,28,14,690,16.6,.584,.452,.110,8.9,19.0,13.9,8.3,2.6,2.3,12.8,19.8,0.8,1.1,1.9,.135,1.0,0.7,1.7,0.6,,easonta01
163,Clint Capela,31,HOU,C,44,1,519,19.8,.542,.000,.255,20.9,22.3,21.6,6.6,2.3,5.7,10.3,14.1,0.9,1.0,1.9,.178,0.7,0.4,1.0,0.4,,capelca01
164,Aaron Wiggins,27,OKC,SG,37,14,888,13.3,.579,.554,.138,2.8,12.5,7.9,10.6,2.0,2.5,12.4,19.2,0.3,1.7,1.9,.104,-0.1,0.9,0.8,0.6,,wiggiaa01
165,Bobby Portis,30,MIL,PF,47,9,1151,16.2,.576,.380,.087,6.1,24.4,15.4,10.8,1.1,0.7,8.3,22.6,0.9,1.0,1.9,.079,1.0,-1.5,-0.6,0.4,,portibo01
166,Vit Krejci,25,2TM,PG,47,8,1042,11.2,.633,.778,.114,1.9,8.2,5.0,8.7,1.8,1.1,8.3,14.5,1.1,0.8,1.9,.087,-1.5,-0.3,-1.8,0.0,,krejcvi01
167,Brandon Miller,23,CHO,SF,35,35,1051,16.7,.564,.483,.234,4.2,12.9,8.7,18.0,1.7,2.6,12.7,29.0,0.8,1.1,1.9,.086,1.2,-0.4,0.8,0.7,,millebr02
168,Spencer Jones,24,DEN,SF,46,34,1086,9.3,.635,.592,.230,5.6,9.2,7.5,4.4,1.9,1.7,10.8,9.8,1.1,0.7,1.9,.083,-2.3,-0.3,-2.6,-0.2,,jonessp01
169,RJ Barrett,25,TOR,SF,29,29,852,16.9,.573,.367,.326,3.5,16.5,9.9,18.6,1.3,0.9,9.4,26.0,0.9,1.0,1.9,.105,1.2,-0.7,0.4,0.5,,barrerj01
170,Josh Minott,23,BOS,PF,33,10,526,15.7,.651,.566,.191,8.4,16.2,12.3,8.3,2.3,2.3,11.9,13.7,1.1,0.8,1.8,.168,0.9,1.1,2.0,0.5,,minotjo01
171,Jamal Shead,23,TOR,PG,53,7,1182,11.3,.493,.540,.220,1.7,8.0,4.8,31.9,2.2,0.8,16.1,16.1,0.6,1.3,1.8,.075,-2.0,0.2,-1.8,0.1,,sheadja01
172,A.J. Green,26,MIL,SG,45,45,1343,9.7,.648,.897,.089,0.8,8.9,4.9,9.2,0.9,0.4,9.5,13.2,1.4,0.4,1.8,.065,-1.4,-1.4,-2.8,-0.3,,greenaj01
173,Jonas Valančiūnas,33,DEN,C,40,4,585,21.1,.623,.067,.310,12.8,27.3,20.4,14.7,0.8,4.2,14.2,25.4,1.1,0.7,1.8,.147,0.0,-0.5,-0.5,0.2,,valanjo01
174,Derik Queen,21,NOP,C,52,40,1344,16.5,.550,.094,.345,6.9,24.2,15.3,24.5,1.9,3.4,18.3,21.9,0.4,1.3,1.8,.064,-1.1,0.8,-0.4,0.6,,queende01
175,Quinten Post,25,GSW,PF,52,32,914,13.2,.563,.650,.085,6.1,18.7,12.3,11.4,1.2,2.6,9.7,18.7,0.6,1.1,1.8,.094,-0.6,0.1,-0.5,0.3,,postqu01
176,Nae'Qwan Tomlin,25,CLE,PF,41,2,705,13.6,.548,.372,.229,8.5,11.1,9.8,7.4,2.2,3.5,6.1,15.4,0.9,0.9,1.8,.121,-1.9,0.8,-1.0,0.2,,tomlina01
177,Paul George,35,PHI,PF,27,27,824,15.6,.556,.489,.215,1.8,17.2,9.3,18.0,2.4,1.4,10.2,22.2,0.7,1.0,1.8,.103,0.6,0.5,1.0,0.6,,georgpa01
178,Kenrich Williams,31,OKC,PF,32,1,523,15.5,.608,.468,.175,6.3,16.0,11.4,13.6,1.8,0.8,11.1,17.2,0.8,1.0,1.8,.161,1.1,0.9,2.0,0.5,,willike04
179,Kelly Oubre Jr.,30,PHI,SF,29,24,941,12.7,.593,.458,.253,3.0,13.0,7.9,6.7,1.8,1.7,9.5,17.0,0.8,0.9,1.8,.089,-1.0,-0.2,-1.2,0.2,,oubreke01
180,Jaylin Williams,23,OKC,PF,37,8,714,11.7,.514,.722,.278,3.5,23.9,14.2,16.3,1.6,3.3,14.5,15.4,0.1,1.6,1.7,.117,-1.7,2.5,0.8,0.5,,willija07
181,Alex Caruso,31,OKC,SG,33,0,601,13.6,.540,.610,.174,3.4,12.6,8.2,15.2,3.7,2.0,12.3,15.2,0.3,1.4,1.7,.136,-0.9,3.5,2.6,0.7,,carusal01
182,Yves Missi,21,NOP,C,45,7,869,15.1,.547,.005,.302,16.1,15.8,16.0,8.6,0.8,7.0,12.8,12.8,1.1,0.6,1.7,.094,-1.5,-1.0,-2.5,-0.1,,missiyv01
183,Jakob Poeltl,30,TOR,C,21,21,531,16.3,.691,.000,.370,11.9,22.4,17.1,11.9,1.5,2.0,18.3,14.5,0.9,0.8,1.7,.153,-0.7,1.1,0.4,0.3,,poeltja01
184,Rui Hachimura,27,LAL,PF,40,27,1191,11.3,.615,.443,.134,2.6,11.1,7.0,4.1,0.9,0.9,7.2,15.2,1.2,0.5,1.7,.068,-0.8,-2.0,-2.8,-0.2,,hachiru01
185,Kyle Kuzma,30,MIL,PF,47,23,1265,14.1,.573,.294,.301,3.9,16.7,10.4,14.5,1.2,1.6,12.0,21.3,0.7,0.9,1.7,.064,-1.3,-1.0,-2.3,-0.1,,kuzmaky01
186,Bones Hyland,25,MIN,PG,43,3,622,14.7,.585,.606,.174,2.5,10.2,6.4,24.9,1.9,1.4,12.7,19.7,0.9,0.7,1.7,.128,0.2,0.6,0.9,0.4,,hylanbo01
187,Bruce Brown,29,DEN,SG,52,2,1286,10.5,.543,.248,.235,5.5,12.8,9.3,11.2,2.0,1.0,13.2,14.2,0.7,1.0,1.7,.062,-2.8,-0.2,-3.0,-0.3,,brownbr01
188,T.J. McConnell,33,IND,PG,37,0,634,20.5,.556,.119,.048,2.8,11.4,6.9,48.5,3.3,1.0,12.2,24.0,0.9,0.7,1.7,.125,1.8,1.2,3.0,0.8,,mccontj01
189,Jalen Suggs,24,ORL,PG,30,30,784,17.3,.575,.521,.234,3.2,14.1,8.6,30.2,3.3,2.2,17.3,24.2,0.5,1.2,1.6,.100,1.3,1.9,3.2,1.0,,suggsja01
190,Simone Fontecchio,30,MIA,SF,49,3,847,12.9,.563,.701,.206,4.6,14.8,9.7,12.1,1.2,0.8,9.4,19.8,0.7,0.9,1.6,.092,0.2,-0.2,0.0,0.4,,fontesi01
191,Sion James,23,CHO,SG,52,18,1258,7.7,.537,.584,.313,2.7,13.3,8.1,9.9,1.1,1.2,14.0,10.8,0.6,1.0,1.6,.062,-3.4,0.5,-2.9,-0.3,,jamessi01
192,Paul Reed,26,DET,C,35,6,408,21.3,.622,.142,.241,17.3,22.5,19.9,14.3,3.4,4.6,17.9,19.2,0.6,1.0,1.6,.189,0.7,2.4,3.0,0.5,,reedpa01
193,Terance Mann,29,BRK,SG,43,40,1093,11.0,.559,.410,.233,5.3,10.1,7.6,20.3,1.5,0.8,14.3,13.7,1.1,0.5,1.6,.070,-2.5,-0.4,-2.9,-0.3,,mannte01
194,Landry Shamet,28,NYK,SG,26,6,548,13.6,.638,.732,.246,2.4,7.3,4.8,8.4,1.2,0.9,5.7,16.2,1.2,0.4,1.6,.139,1.5,-0.1,1.4,0.5,,shamela01
195,Ryan Dunn,23,PHO,SF,45,11,884,11.4,.524,.449,.113,8.2,15.4,11.7,10.9,2.3,2.1,14.2,14.4,0.4,1.2,1.6,.086,-2.2,1.1,-1.1,0.2,,dunnry01
196,Dwight Powell,34,DAL,C,37,7,529,11.8,.665,.018,1.053,10.6,17.0,13.9,8.7,1.7,1.9,18.6,8.1,0.8,0.7,1.6,.141,-3.1,1.8,-1.3,0.1,,poweldw01
197,Al Horford,39,GSW,C,31,5,627,14.7,.561,.673,.090,5.2,21.2,13.1,16.1,1.8,4.9,12.3,15.9,0.5,1.0,1.6,.119,0.1,1.9,2.0,0.6,,horfoal01
198,Ron Holland,20,DET,SF,48,5,995,11.4,.505,.369,.274,5.8,17.0,11.5,9.0,3.1,1.8,14.3,18.8,-0.4,1.9,1.5,.075,-3.5,1.6,-1.9,0.0,,hollaro01
199,Anthony Davis,32,DAL,PF,20,20,626,21.7,.551,.111,.243,10.7,26.0,18.6,14.9,1.7,4.4,10.0,27.6,0.4,1.1,1.5,.118,1.5,1.1,2.6,0.7,,davisan02
200,Daniss Jenkins,24,DET,PG,41,7,688,14.3,.536,.381,.253,3.6,8.1,5.9,27.1,2.6,1.0,15.1,21.4,0.5,1.0,1.5,.107,-0.6,0.5,-0.1,0.3,,jenkida01
201,Isaiah Jackson,24,IND,C,38,14,638,15.4,.615,.006,.448,14.0,21.8,17.8,7.2,1.9,3.9,17.9,15.9,0.7,0.8,1.5,.114,-3.1,0.4,-2.6,-0.1,,jacksis01
202,Kevin Porter Jr.,25,MIL,PG,24,22,803,17.4,.564,.347,.322,2.6,14.4,8.5,32.9,3.3,1.2,18.1,24.1,0.6,0.9,1.5,.089,0.2,0.9,1.1,0.6,,porteke02
203,Adem Bona,22,PHI,C,42,3,680,12.0,.619,.046,.606,11.6,15.3,13.4,1.9,1.0,7.5,17.9,10.5,0.6,0.9,1.5,.105,-3.6,0.6,-3.0,-0.2,,bonaad01
204,Mike Conley,38,MIN,PG,44,9,812,9.0,.502,.753,.264,2.1,8.4,5.3,18.9,1.5,1.2,12.2,11.5,0.7,0.8,1.5,.088,-2.4,0.8,-1.6,0.1,,conlemi01
205,Isaac Okoro,25,CHI,SG,44,44,1134,9.7,.574,.461,.234,4.6,6.3,5.5,7.4,1.1,1.8,7.7,13.5,1.0,0.5,1.5,.062,-3.1,-1.2,-4.3,-0.6,,okorois01
206,Ja'Kobe Walter,21,TOR,SG,43,10,781,10.3,.575,.634,.208,4.1,9.0,6.5,6.8,2.4,0.8,8.9,14.1,0.6,0.9,1.5,.090,-2.7,0.9,-1.9,0.0,,walteja01
207,Baylor Scheierman,25,BOS,SG,46,6,634,10.0,.608,.734,.094,3.5,15.9,9.7,8.3,2.1,0.5,13.0,10.4,0.7,0.8,1.5,.110,-2.5,1.6,-0.9,0.2,,scheiba01
208,Maxime Raynaud,22,SAC,C,44,26,1013,13.8,.587,.117,.215,8.4,23.2,15.7,6.6,0.9,2.0,11.0,16.9,0.9,0.6,1.4,.068,-2.2,-1.5,-3.7,-0.4,,raynama01
209,Darius Garland,26,CLE,PG,26,26,792,15.5,.567,.435,.210,1.6,7.1,4.3,33.0,1.3,0.3,15.1,25.4,0.9,0.5,1.4,.087,0.9,-2.4,-1.5,0.1,,garlada01
210,CJ McCollum,34,2TM,PG,48,36,1444,15.2,.565,.446,.185,2.3,9.9,6.1,18.3,1.1,1.1,9.2,25.1,1.1,0.3,1.4,.047,0.9,-2.4,-1.4,0.2,,mccolcj01
211,Dylan Harper,19,SAS,SG,40,0,854,14.3,.517,.269,.211,3.4,13.1,8.4,24.2,1.9,1.5,11.9,23.2,0.2,1.2,1.4,.080,-1.4,1.2,-0.2,0.4,,harpedy01
212,Cameron Johnson,29,DEN,SF,28,28,857,11.4,.604,.514,.237,2.8,10.1,6.6,10.3,1.0,0.9,9.1,15.3,1.1,0.4,1.4,.079,-0.6,-1.7,-2.3,-0.1,,johnsca02
213,Jordan Miller,26,LAC,SF,29,0,571,16.5,.637,.343,.420,5.5,13.6,9.7,12.3,1.9,0.8,13.0,19.2,1.0,0.4,1.4,.118,1.1,-0.4,0.8,0.4,,millejo02
214,Jusuf Nurkić,31,UTA,C,38,33,1009,16.7,.549,.196,.314,10.7,31.4,20.9,26.2,2.3,1.9,19.7,19.8,0.5,0.9,1.4,.067,-0.3,1.3,1.0,0.8,,nurkiju01
215,Kristaps Porziņģis,30,ATL,C,17,12,413,20.5,.592,.410,.386,5.4,17.5,11.4,16.7,1.0,4.8,6.1,26.5,0.9,0.5,1.4,.162,2.6,0.7,3.2,0.5,,porzikr01
216,Mouhamed Gueye,23,ATL,PF,51,5,834,11.4,.515,.429,.230,7.8,16.4,12.0,7.9,2.4,3.0,10.2,13.3,0.3,1.1,1.4,.080,-3.3,0.8,-2.5,-0.1,,gueyemo02
217,Brandon Williams,26,DAL,PG,43,11,941,15.8,.553,.254,.426,2.5,11.0,6.9,24.8,2.3,0.8,14.5,25.6,0.3,1.1,1.4,.071,-1.1,0.5,-0.6,0.3,,willibr03
218,Gary Payton II,33,GSW,SG,47,1,597,14.4,.588,.292,.073,9.5,17.6,13.5,17.4,2.0,2.3,16.8,16.9,0.5,0.8,1.4,.109,-1.4,1.3,-0.2,0.3,,paytoga02
219,Kyle Filipowski,22,UTA,C,51,18,1143,13.9,.570,.339,.297,8.6,24.1,16.2,13.1,1.6,1.9,14.0,18.1,0.8,0.5,1.4,.057,-1.5,-1.2,-2.7,-0.2,,filipky01
220,De'Andre Hunter,28,2TM,SF,44,24,1151,11.7,.549,.489,.282,2.7,14.8,8.7,10.8,1.2,0.5,11.5,22.6,0.3,1.0,1.3,.055,-2.3,-1.3,-3.6,-0.5,,huntede01
221,Gradey Dick,22,TOR,SG,53,1,853,10.5,.551,.527,.238,4.2,11.3,7.7,5.7,1.9,0.6,8.3,16.9,0.4,0.9,1.3,.074,-2.9,-0.4,-3.3,-0.3,,dickgr01
222,Dylan Cardwell,24,SAC,C,25,1,501,14.8,.603,.012,.439,15.6,24.2,19.8,7.2,1.6,7.5,16.3,10.0,0.7,0.6,1.3,.126,-3.2,1.3,-1.9,0.0,,cardwdy01
223,Kevin Huerter,27,2TM,SF,45,11,1043,13.2,.556,.554,.138,2.4,14.9,8.7,15.8,1.6,2.2,10.2,19.4,0.4,0.9,1.3,.060,-1.2,0.0,-1.2,0.2,,huertke01
224,Precious Achiuwa,26,SAC,C,44,30,912,14.0,.537,.190,.261,10.4,20.2,15.2,8.0,1.8,2.3,9.1,15.4,0.7,0.6,1.3,.069,-1.2,-0.5,-1.7,0.1,,achiupr01
225,Gui Santos,23,GSW,PF,41,6,559,13.4,.644,.600,.220,6.0,15.3,10.6,13.6,2.1,2.3,18.0,15.2,0.5,0.7,1.3,.111,-0.8,1.3,0.5,0.4,,santogu01
226,Zach LaVine,30,SAC,SG,38,36,1206,14.8,.616,.464,.259,0.7,9.3,4.9,11.1,1.1,0.7,10.9,24.0,1.2,0.1,1.3,.051,0.6,-2.2,-1.7,0.1,,lavinza01
227,Hugo González,19,BOS,SF,46,2,707,9.7,.551,.465,.135,6.6,17.8,12.2,5.0,2.0,1.7,14.1,11.7,0.3,1.0,1.3,.085,-3.4,1.1,-2.3,-0.1,,gonzahu01
228,Trayce Jackson-Davis,25,GSW,C,36,1,411,16.0,.601,.010,.510,12.5,17.5,15.0,11.1,1.5,4.2,12.6,14.7,0.7,0.6,1.3,.147,-1.0,0.7,-0.3,0.2,,jackstr02
229,Jarred Vanderbilt,26,LAL,PF,41,3,798,11.3,.546,.419,.246,9.5,20.2,15.0,9.1,2.4,1.6,17.8,12.2,0.4,0.9,1.2,.075,-2.4,0.5,-1.9,0.0,,vandeja01
230,Jrue Holiday,35,POR,PG,22,20,620,16.3,.541,.502,.142,5.1,12.2,8.6,35.9,2.3,0.4,16.3,22.8,0.7,0.6,1.2,.096,2.0,-0.4,1.6,0.6,,holidjr01
231,Thomas Bryant,28,CLE,C,36,0,363,17.5,.644,.500,.250,8.3,21.8,15.0,8.0,1.0,3.8,9.5,17.9,0.8,0.5,1.2,.164,0.6,-0.2,0.4,0.2,,bryanth01
232,Jaylen Wells,22,MEM,SG,49,49,1317,10.2,.535,.517,.255,3.8,9.9,6.9,8.8,1.5,0.3,9.4,19.0,0.2,1.0,1.2,.045,-2.7,-0.9,-3.6,-0.6,,wellsja01
233,Karlo Matković,24,NOP,PF,40,2,516,15.5,.666,.353,.108,6.9,19.7,13.1,8.0,1.4,5.7,12.1,13.4,0.8,0.4,1.2,.114,-0.6,0.4,-0.1,0.2,,matkoka01
234,Kentavious Caldwell-Pope,32,MEM,SG,48,13,1009,11.2,.538,.485,.210,1.9,10.4,6.2,18.5,1.8,0.7,13.4,17.4,0.3,0.9,1.2,.057,-2.2,0.2,-2.1,0.0,,caldwke01
235,Tidjane Salaün,20,CHO,PF,31,0,497,13.4,.642,.496,.213,5.6,24.5,15.3,7.4,1.2,1.3,13.5,15.1,0.6,0.6,1.2,.114,-0.8,0.2,-0.6,0.2,,salauti01
236,Branden Carlson,26,OKC,C,34,2,373,15.5,.604,.454,.131,6.4,18.6,12.8,7.1,0.8,4.7,8.0,17.4,0.5,0.7,1.2,.151,-0.4,0.2,-0.1,0.2,,carlsbr01
237,Isaiah Collier,21,UTA,PG,44,9,1096,14.1,.571,.206,.415,1.9,9.9,5.8,39.7,1.7,1.2,21.1,18.4,1.1,0.0,1.2,.051,-0.8,-2.1,-2.9,-0.3,,colliis01
238,Domantas Sabonis,29,SAC,C,19,15,564,19.3,.590,.122,.348,12.5,30.8,21.5,21.7,1.5,0.6,16.7,23.2,0.7,0.5,1.2,.100,0.6,-0.1,0.5,0.4,,sabondo01
239,Jaylen Clark,24,MIN,SG,49,0,680,9.3,.509,.419,.350,6.9,7.9,7.4,5.6,2.5,1.0,8.0,12.4,0.4,0.8,1.2,.082,-3.8,1.0,-2.9,-0.1,,clarkja02
240,Kris Murray,25,POR,SF,34,11,874,9.2,.535,.446,.240,7.4,9.4,8.4,6.4,2.2,1.4,13.8,10.4,0.4,0.7,1.2,.064,-2.8,0.7,-2.0,0.0,,murrakr01
241,John Konchar,29,MEM,SG,30,1,435,12.9,.619,.549,.183,4.9,17.5,11.2,11.8,3.4,2.8,15.4,8.6,0.4,0.7,1.2,.127,-1.4,3.9,2.5,0.5,,konchjo01
242,Shaedon Sharpe,22,POR,SG,47,41,1425,15.7,.550,.350,.227,3.6,12.4,7.9,15.2,2.3,0.4,13.3,30.5,-0.1,1.3,1.1,.038,-0.1,-1.1,-1.2,0.3,,sharpsh01
243,Jaden Ivey,23,2TM,SG,34,3,588,12.8,.569,.509,.164,4.0,10.2,7.1,13.8,1.5,2.0,12.9,20.0,0.4,0.7,1.1,.092,-0.2,0.0,-0.2,0.3,,iveyja01
244,Tristan Da Silva,24,ORL,SF,45,14,1015,10.8,.543,.507,.110,3.3,13.1,8.2,7.5,1.8,1.1,9.7,16.7,0.1,1.0,1.1,.053,-1.6,-0.2,-1.8,0.0,,dasiltr01
245,Buddy Hield,33,GSW,SG,44,3,768,12.6,.562,.650,.113,3.7,11.8,7.7,12.7,2.3,1.1,11.8,19.7,0.2,0.9,1.1,.069,-1.1,0.1,-1.0,0.2,,hieldbu01
246,Jamaree Bouyea,26,PHO,PG,26,0,403,15.9,.585,.345,.124,3.5,10.7,7.0,16.6,2.3,2.4,8.9,17.6,0.6,0.5,1.1,.131,0.7,1.3,2.1,0.4,,bouyeja01
247,Corey Kispert,26,2TM,SF,32,8,637,13.7,.626,.600,.253,1.8,10.3,6.0,11.6,1.0,0.6,8.8,18.0,0.9,0.2,1.1,.083,0.5,-1.8,-1.4,0.1,,kispeco01
248,Caris LeVert,31,DET,SG,33,0,648,11.8,.534,.484,.249,1.7,8.4,5.1,19.4,2.2,3.4,15.5,18.1,0.1,1.0,1.1,.081,-1.5,1.4,0.0,0.3,,leverca01
249,Derrick Jones Jr.,28,LAC,SF,18,13,433,14.9,.661,.463,.285,4.5,8.1,6.3,6.9,1.5,4.2,9.2,15.6,0.8,0.3,1.1,.119,0.7,-0.2,0.4,0.3,,jonesde02
250,Draymond Green,35,GSW,PF,43,43,1142,10.0,.531,.620,.166,3.0,20.7,11.7,26.3,1.5,2.3,25.7,16.7,-0.6,1.6,1.0,.043,-2.9,1.4,-1.5,0.1,,greendr01
251,Trendon Watford,25,PHI,PF,29,4,454,13.7,.581,.187,.284,5.2,18.7,11.8,23.8,0.9,1.6,16.1,16.8,0.6,0.4,1.0,.106,-1.3,0.5,-0.7,0.1,,watfotr01
252,Marcus Smart,31,LAL,SG,41,34,1162,9.6,.553,.611,.280,3.1,9.1,6.2,12.9,2.2,1.1,16.6,15.8,0.2,0.8,1.0,.041,-3.0,-0.2,-3.2,-0.4,,smartma01
253,Nicolas Batum,37,LAC,PF,49,4,964,7.9,.587,.950,.061,2.4,12.8,7.7,5.6,1.9,1.9,14.3,10.0,0.2,0.8,1.0,.048,-2.1,0.5,-1.6,0.1,,batumni01
254,Tyus Jones,29,ORL,PG,48,8,754,8.5,.448,.646,.038,1.3,6.6,3.9,19.7,2.1,0.4,8.0,9.8,0.3,0.6,0.9,.060,-2.9,0.9,-1.9,0.0,,jonesty01
255,Tony Bradley,28,IND,C,38,3,416,13.2,.604,.019,.406,14.0,13.6,13.8,7.0,0.7,1.5,12.0,14.4,0.7,0.2,0.9,.108,-2.4,-1.5,-3.9,-0.2,,bradlto01
256,Aaron Holiday,29,HOU,PG,35,1,465,10.5,.570,.671,.205,1.4,5.7,3.5,9.9,1.7,0.8,10.7,17.6,0.5,0.4,0.9,.097,-1.9,-0.2,-2.2,0.0,,holidaa01
257,Moussa Cisse,23,DAL,C,30,1,359,15.1,.593,.000,.812,16.6,22.5,19.6,2.6,1.3,7.9,19.0,13.5,0.3,0.7,0.9,.125,-4.2,1.4,-2.8,-0.1,,cissemo01
258,Bryce McGowens,23,NOP,SG,29,11,563,11.6,.606,.359,.438,1.9,9.7,5.7,9.2,1.4,0.7,7.6,14.6,0.8,0.1,0.9,.080,-2.2,-1.4,-3.6,-0.2,,mcgowbr01
259,Jose Alvarado,27,NOP,PG,41,0,896,11.3,.558,.689,.086,1.9,12.2,6.9,19.5,2.0,0.4,13.9,15.7,0.5,0.4,0.9,.050,-1.5,-0.6,-2.2,-0.1,,alvarjo01
260,Bennedict Mathurin,23,IND,SF,28,24,891,12.9,.589,.436,.408,2.6,16.1,9.1,10.8,0.9,0.4,13.2,23.0,0.4,0.6,0.9,.050,-1.1,-1.7,-2.7,-0.2,,mathube01
261,Sidy Cissoko,21,POR,SF,46,22,1007,7.7,.547,.630,.292,4.6,7.2,5.9,9.2,1.5,1.2,15.2,13.0,0.3,0.6,0.9,.044,-3.7,-0.2,-3.9,-0.5,,cissosi01
262,Egor Dёmin,19,BRK,PG,44,37,1093,12.1,.579,.721,.138,2.1,13.0,7.3,21.0,1.6,1.0,16.2,19.7,0.3,0.6,0.9,.040,-0.3,-0.8,-1.1,0.2,,demineg01
263,Pat Spencer,29,GSW,PG,36,5,518,13.2,.530,.357,.165,5.5,11.1,8.3,29.0,2.1,0.4,17.0,19.2,0.3,0.6,0.9,.084,-0.8,0.4,-0.3,0.2,,spencpa01
264,Tyler Herro,26,MIA,SG,11,10,349,18.0,.605,.370,.227,1.8,13.6,7.6,13.2,1.5,1.3,7.9,25.0,0.5,0.4,0.9,.124,2.5,0.3,2.8,0.4,,herroty01
265,Josh Green,25,CHO,SG,28,0,446,10.5,.628,.726,.147,6.8,6.9,6.8,8.9,2.0,0.6,15.1,11.3,0.5,0.4,0.9,.097,-1.3,0.8,-0.5,0.2,,greenjo02
266,Zach Edey,23,MEM,C,11,11,284,20.7,.669,.051,.327,16.2,29.3,22.8,6.6,1.2,6.9,18.8,20.1,0.4,0.5,0.9,.152,-0.6,1.4,0.8,0.2,,edeyza01
267,Jabari Walker,23,PHI,PF,45,6,543,10.3,.505,.438,.306,10.2,18.1,14.1,5.2,1.4,1.9,9.4,14.1,0.3,0.6,0.9,.079,-3.6,-0.6,-4.2,-0.3,,walkeja01
268,Kyshawn George,22,WAS,SF,41,41,1253,13.8,.562,.454,.214,3.3,16.0,9.6,23.6,1.7,2.6,17.3,22.2,0.2,0.7,0.9,.034,-0.8,-0.4,-1.2,0.2,,georgky01
269,Myron Gardner,24,MIA,SF,22,2,197,17.8,.616,.530,.273,9.3,22.0,15.6,11.6,2.6,1.8,3.9,15.8,0.5,0.4,0.9,.210,0.3,2.4,2.7,0.2,,gardnmy01
270,Asa Newell,20,ATL,PF,36,0,404,14.4,.640,.460,.180,9.0,11.1,10.0,6.2,1.5,2.9,11.2,17.5,0.5,0.4,0.9,.102,-1.1,-0.8,-1.8,0.0,,newelas01
271,Trae Young,27,ATL,PG,10,10,280,19.8,.577,.437,.541,0.0,5.9,2.9,45.3,1.7,0.3,13.5,28.8,0.7,0.2,0.9,.146,3.3,-2.0,1.3,0.2,,youngtr01
272,Jalen Pickett,26,DEN,SG,36,18,660,10.9,.537,.540,.059,3.3,13.6,8.7,19.7,1.0,0.6,12.7,14.6,0.5,0.3,0.9,.062,-1.0,-1.0,-2.0,0.0,,pickeja02
273,Jordan Clarkson,33,NYK,SG,47,1,911,10.3,.535,.470,.166,4.1,5.9,5.0,9.5,1.1,0.7,10.6,21.4,0.2,0.6,0.8,.044,-2.6,-1.8,-4.4,-0.6,,clarkjo01
274,Zeke Nnaji,25,DEN,PF,38,2,499,11.7,.587,.328,.328,6.7,17.1,12.2,5.5,1.3,3.7,13.1,14.1,0.4,0.5,0.8,.081,-2.9,-0.4,-3.3,-0.2,,nnajize01
275,Zaccharie Risacher,20,ATL,SF,39,39,950,11.1,.546,.472,.154,3.9,11.5,7.7,7.8,1.7,1.8,9.0,18.5,0.0,0.9,0.8,.042,-2.8,-1.0,-3.7,-0.4,,risacza01
276,Tyler Kolek,24,NYK,PG,44,1,603,11.1,.509,.438,.087,2.3,13.1,7.6,30.1,1.5,0.5,18.2,18.5,0.2,0.6,0.8,.065,-1.9,0.0,-1.8,0.0,,kolekty01
277,P.J. Washington,27,DAL,PF,36,34,1114,12.7,.524,.328,.266,5.2,18.8,12.2,8.7,1.6,3.8,13.5,21.2,-0.8,1.7,0.8,.035,-2.4,0.9,-1.4,0.2,,washipj01
278,Ziaire Williams,24,BRK,SF,36,4,819,11.1,.570,.697,.295,2.7,10.3,6.3,5.3,2.5,2.1,11.0,17.9,0.2,0.7,0.8,.048,-2.6,0.0,-2.6,-0.1,,willizi02
279,Caleb Martin,30,DAL,SF,44,9,610,9.4,.512,.283,.260,3.7,14.4,9.2,14.7,2.4,1.5,17.5,11.8,0.0,0.9,0.8,.063,-4.2,2.5,-1.7,0.0,,martica02
280,Brice Sensabaugh,22,UTA,SF,49,9,1056,13.6,.588,.542,.241,3.7,11.2,7.4,10.9,1.5,0.5,10.4,22.3,0.8,0.0,0.8,.036,-0.3,-2.8,-3.1,-0.3,,sensabr01
281,Jericho Sims,27,MIL,C,35,4,498,9.7,.818,.000,.250,9.6,19.4,14.6,6.6,0.6,1.2,33.1,8.9,0.5,0.3,0.8,.077,-4.0,-1.0,-5.1,-0.4,,simsje01
282,Noah Penda,21,ORL,SF,35,2,490,13.0,.527,.419,.250,11.8,18.4,15.1,11.8,2.0,2.4,15.4,16.7,0.2,0.6,0.8,.078,-1.4,0.1,-1.2,0.1,,pendano01
283,Svi Mykhailiuk,28,UTA,SF,44,41,1054,10.5,.614,.646,.081,3.1,8.6,5.8,10.6,1.0,0.3,10.1,13.9,1.1,-0.3,0.8,.035,-0.5,-2.0,-2.5,-0.1,,mykhasv01
284,Jonathan Isaac,28,ORL,PF,42,0,432,11.9,.526,.370,.522,8.4,19.9,14.0,4.9,1.9,4.7,12.4,12.6,0.1,0.6,0.8,.085,-2.7,1.0,-1.7,0.0,,isaacjo01
285,Gary Harris,31,MIL,SG,35,2,518,8.0,.653,.618,.132,2.6,8.6,5.6,9.3,2.0,0.9,17.2,7.4,0.4,0.3,0.8,.070,-3.3,0.9,-2.4,-0.1,,harriga01
286,Kyle Anderson,32,UTA,SF,20,0,401,14.3,.565,.046,.349,5.1,13.0,9.0,20.9,2.7,2.4,11.9,14.7,0.5,0.2,0.7,.084,-1.0,0.5,-0.4,0.2,,anderky01
287,Marcus Sasser,25,DET,PG,15,0,154,20.0,.635,.652,.167,0.7,9.9,5.4,28.2,3.4,1.3,11.3,21.4,0.4,0.3,0.7,.218,2.9,2.5,5.4,0.3,,sassema01
288,GG Jackson II,21,MEM,PF,29,4,507,13.0,.571,.438,.222,2.9,17.7,10.4,9.0,1.8,3.1,12.0,19.7,0.0,0.7,0.7,.065,-2.2,0.5,-1.8,0.0,,jacksgg01
289,Kelly Olynyk,34,SAS,C,28,0,267,13.1,.569,.528,.417,7.3,13.8,10.6,17.5,2.3,0.3,15.8,16.0,0.3,0.4,0.7,.123,-1.8,1.2,-0.6,0.1,,olynyke01
290,Ben Sheppard,24,IND,SG,40,13,860,8.2,.512,.624,.155,3.0,12.7,7.7,11.0,1.2,0.4,8.4,12.9,0.2,0.5,0.7,.038,-3.2,-0.3,-3.6,-0.4,,sheppbe01
291,Coby White,25,CHI,SG,29,26,843,14.3,.586,.529,.392,0.9,12.6,6.9,23.7,1.1,0.2,16.0,27.5,0.3,0.4,0.7,.039,-1.0,-2.4,-3.4,-0.3,,whiteco01
292,Ariel Hukporti,23,NYK,C,35,4,305,11.4,.612,.070,.535,12.3,23.4,17.8,7.3,0.8,6.6,27.4,10.1,0.2,0.5,0.7,.107,-4.2,1.7,-2.6,0.0,,hukpoar01
293,Micah Potter,27,IND,C,18,2,310,12.9,.617,.667,.381,4.4,19.8,11.8,11.3,1.1,1.4,11.7,15.1,0.4,0.3,0.7,.105,-0.9,-0.2,-1.1,0.1,,pottemi01
294,Lonzo Ball,28,CLE,PG,35,3,728,9.4,.432,.835,.119,3.8,17.2,10.4,22.5,2.9,1.1,21.9,13.5,-0.4,1.1,0.7,.044,-3.0,1.9,-1.1,0.2,,balllo01
295,Kevin Love,37,UTA,PF,27,5,472,13.7,.543,.690,.213,10.5,25.9,18.1,14.0,0.9,1.6,11.5,16.8,0.5,0.2,0.7,.068,0.3,-1.4,-1.1,0.1,,loveke01
296,Keaton Wallace,26,ATL,PG,40,2,446,11.3,.547,.618,.081,0.7,10.5,5.6,23.2,2.2,1.0,13.5,15.3,0.2,0.4,0.7,.072,-2.2,0.3,-1.8,0.0,,wallake01
297,Joan Beringer,19,MIN,PF,24,0,167,18.7,.668,.000,.196,16.7,16.2,16.4,5.2,0.9,5.3,9.8,15.5,0.4,0.2,0.7,.190,-0.6,0.0,-0.6,0.1,,berinjo01
298,De'Anthony Melton,27,GSW,PG,25,1,535,14.1,.536,.472,.250,3.1,11.8,7.4,16.1,3.5,1.9,13.0,25.0,-0.2,0.8,0.7,.058,-3.1,0.8,-2.3,0.0,,meltode01
299,Dennis Schröder,32,2TM,PG,41,14,1075,13.7,.527,.392,.305,2.2,10.8,6.5,29.5,1.6,0.5,14.2,22.9,0.4,0.3,0.6,.028,-0.2,-1.8,-2.0,0.0,,schrode01
300,Quenton Jackson,27,IND,PG,24,9,366,14.5,.599,.382,.450,3.4,9.7,6.5,18.2,2.2,0.9,14.2,21.1,0.3,0.3,0.6,.083,-1.0,0.8,-0.3,0.2,,jacksqu01
301,Ochai Agbaji,25,TOR,SG,42,13,650,7.5,.495,.382,.171,5.6,10.8,8.2,6.0,1.3,1.7,9.4,13.2,0.0,0.7,0.6,.046,-4.8,-0.1,-4.9,-0.5,,agbajoc01
302,Olivier-Maxence Prosper,23,MEM,PF,26,0,322,12.6,.612,.385,.440,7.3,14.7,11.0,7.2,1.0,1.2,14.2,16.2,0.3,0.3,0.6,.093,-1.6,-1.1,-2.7,-0.1,,prospol01
303,Yanic Konan Niederhäuser,22,LAC,C,30,0,259,14.9,.691,.049,.557,10.3,19.2,14.9,4.7,0.4,5.1,17.4,15.8,0.4,0.2,0.6,.115,-3.3,-0.7,-4.0,-0.1,,konanya01
304,Jase Richardson,20,ORL,SG,36,0,433,11.5,.570,.422,.238,4.3,8.3,6.3,14.3,1.1,0.4,11.5,17.8,0.3,0.3,0.6,.067,-1.6,-1.4,-3.0,-0.1,,richaja02
305,Jeremy Sochan,22,SAS,PF,27,0,354,10.0,.543,.357,.163,8.0,14.0,11.1,10.7,1.4,1.0,14.6,14.7,0.1,0.5,0.6,.082,-3.6,0.3,-3.3,-0.1,,sochaje01
306,Justin Edwards,22,PHI,SF,38,5,529,9.2,.529,.665,.120,3.5,8.3,5.9,10.5,2.1,1.4,11.7,15.1,0.1,0.5,0.6,.055,-3.0,0.1,-3.0,-0.1,,edwarju01
307,Liam McNeeley,20,CHO,SF,28,0,342,9.4,.566,.659,.352,3.7,15.7,9.9,9.0,0.7,0.8,10.6,14.0,0.3,0.3,0.6,.084,-2.0,-0.3,-2.3,0.0,,mcneeli01
308,Ousmane Dieng,22,OKC,C,27,0,295,10.1,.534,.538,.066,3.1,11.9,7.7,12.4,0.3,2.3,7.9,14.9,0.2,0.4,0.6,.097,-1.5,0.0,-1.5,0.0,,diengou01
309,Ty Jerome,28,MEM,SG,3,3,61,39.2,.755,.444,.528,5.3,8.6,7.0,68.6,2.3,0.0,10.1,33.4,0.5,0.1,0.6,.461,14.7,2.2,16.9,0.3,,jeromty01
310,Pete Nance,25,MIL,PF,19,0,191,18.1,.734,.563,.000,6.0,16.9,11.5,8.8,1.5,1.5,9.9,16.5,0.4,0.2,0.6,.147,2.7,-0.7,2.0,0.2,,nancepe01
311,Aaron Nesmith,26,IND,SF,29,26,890,10.9,.529,.559,.228,4.7,12.8,8.6,10.9,1.0,1.6,9.9,20.1,0.0,0.6,0.6,.031,-1.6,-1.4,-3.0,-0.2,,nesmiaa01
312,Tre Johnson,19,WAS,SG,39,21,980,12.5,.576,.522,.156,2.1,9.3,5.7,12.7,1.2,1.2,11.3,21.0,0.5,0.1,0.6,.028,-0.4,-2.2,-2.6,-0.1,,johnstr03
313,Ja Morant,26,MEM,PG,20,20,569,16.6,.521,.264,.363,1.5,10.6,6.1,44.9,1.7,1.0,16.0,32.3,0.1,0.5,0.6,.048,0.4,-1.9,-1.5,0.1,,moranja01
314,Jamison Battle,24,TOR,SF,37,2,319,10.8,.660,.575,.103,4.2,14.5,9.3,6.4,0.8,0.6,13.3,14.0,0.3,0.3,0.6,.084,-1.7,-0.8,-2.4,0.0,,battlja01
315,Jae'Sean Tate,30,HOU,SF,31,0,254,11.0,.554,.314,.100,9.5,10.4,9.9,8.0,1.4,1.1,9.9,13.3,0.3,0.2,0.6,.106,-3.0,-0.5,-3.4,-0.1,,tateja01
316,Kasparas Jakučionis,19,MIA,PG,26,8,410,8.4,.504,.616,.232,5.2,10.0,7.6,17.4,1.9,0.2,17.4,13.0,0.1,0.5,0.6,.065,-3.7,1.1,-2.6,-0.1,,jakucka01
317,Noah Clowney,21,BRK,PF,45,39,1280,10.7,.541,.636,.355,3.8,14.1,8.7,10.0,1.3,2.5,13.2,20.7,-0.3,0.8,0.6,.021,-2.6,-1.1,-3.7,-0.6,,clownno01
318,Caleb Love,24,POR,SG,43,1,957,11.1,.503,.596,.108,2.8,10.2,6.4,17.8,1.3,0.4,10.7,22.6,0.0,0.5,0.5,.027,-1.1,-1.7,-2.8,-0.2,,loveca01
319,Isaiah Livers,27,PHO,PF,29,0,294,9.6,.559,.673,.192,6.3,15.0,10.5,8.7,2.0,2.6,17.5,9.8,0.2,0.4,0.5,.088,-2.5,1.6,-0.9,0.1,,liveris01
320,Johnny Furphy,21,IND,SG,33,19,596,9.5,.553,.486,.246,5.2,21.1,12.9,8.2,1.5,1.0,15.1,13.1,0.0,0.6,0.5,.043,-3.8,0.2,-3.6,-0.2,,furphjo01
321,Guerschon Yabusele,30,2TM,C,42,0,399,9.6,.515,.627,.102,7.6,19.5,13.4,6.9,1.0,1.3,11.5,14.7,0.1,0.4,0.5,.064,-2.5,-0.7,-3.2,-0.1,,yabusgu01
322,Zach Collins,28,CHI,C,10,0,184,18.0,.666,.328,.313,9.5,22.9,16.3,11.9,0.5,1.9,12.1,19.0,0.4,0.1,0.5,.139,1.0,-0.9,0.1,0.1,,colliza01
323,Herbert Jones,27,NOP,SF,30,30,863,9.7,.504,.502,.148,3.5,10.0,6.7,11.5,2.7,1.6,11.3,14.9,0.0,0.5,0.5,.029,-3.4,0.3,-3.1,-0.2,,joneshe01
324,Klay Thompson,35,DAL,SF,47,8,1041,11.0,.530,.729,.069,1.5,9.9,5.8,9.1,1.0,1.2,7.6,22.2,-0.4,0.9,0.5,.024,-0.4,-1.1,-1.5,0.1,,thompkl01
325,Jett Howard,22,ORL,SF,31,0,336,11.4,.536,.627,.134,3.6,10.4,6.9,11.1,0.7,1.1,4.7,18.7,0.3,0.2,0.5,.075,-0.8,-1.6,-2.3,0.0,,howarje01
326,Malik Monk,27,SAC,SG,42,0,931,13.7,.566,.473,.173,1.4,9.0,5.1,17.8,1.4,1.6,11.8,23.7,0.3,0.2,0.5,.027,0.3,-1.8,-1.5,0.1,,monkma01
327,Ryan Nembhard,22,DAL,PG,38,17,713,10.5,.505,.355,.053,1.2,8.6,5.0,36.1,0.7,0.1,18.0,18.0,0.0,0.5,0.5,.034,-2.3,-2.0,-4.3,-0.4,,nembhry01
328,Duop Reath,29,POR,C,32,0,258,10.7,.613,.743,.081,4.1,11.9,7.9,5.4,0.9,2.7,8.4,13.1,0.3,0.2,0.5,.094,-0.7,-0.2,-1.0,0.1,,reathdu01
329,Pat Connaughton,33,CHO,SG,22,0,155,15.5,.621,.600,.289,4.5,17.0,10.9,12.8,1.6,0.6,5.6,14.6,0.3,0.2,0.5,.156,1.9,1.1,3.0,0.2,,connapa01
330,Vince Williams Jr.,25,MEM,PG,34,12,736,10.8,.478,.602,.174,4.9,14.6,9.8,27.7,1.7,1.8,18.1,19.5,-0.3,0.8,0.5,.031,-1.7,0.8,-0.8,0.2,,willivi01
331,Dalen Terry,23,CHI,SG,34,0,377,11.7,.539,.451,.167,5.5,12.6,9.1,14.9,2.8,2.5,16.1,14.6,0.1,0.4,0.5,.060,-2.4,1.0,-1.4,0.1,,terryda01
332,Russell Westbrook,37,SAC,SF,49,43,1449,15.2,.534,.450,.214,5.3,17.0,11.1,34.2,2.3,0.5,19.1,25.7,-0.4,0.9,0.5,.016,0.6,-0.8,-0.2,0.7,,westbru01
333,Bilal Coulibaly,21,WAS,SG,31,31,826,11.5,.508,.407,.399,3.7,14.6,9.1,13.1,2.5,3.0,13.4,17.3,-0.1,0.6,0.5,.027,-3.4,0.2,-3.2,-0.2,,coulibi01
334,Walker Kessler,24,UTA,C,5,5,154,20.7,.786,.216,.541,16.1,22.3,19.2,13.9,2.1,5.7,25.9,16.6,0.3,0.1,0.5,.146,1.7,1.6,3.3,0.2,,kesslwa01
335,Christian Braun,24,DEN,SG,16,16,473,9.7,.522,.293,.293,6.1,9.6,7.9,11.9,0.9,1.2,11.5,14.6,0.3,0.2,0.5,.047,-2.4,-1.4,-3.8,-0.2,,braunch01
336,Julian Strawther,23,DEN,SG,29,1,353,11.9,.558,.440,.397,1.7,15.0,8.7,11.1,1.5,0.5,9.9,18.8,0.2,0.2,0.5,.063,-2.1,-1.0,-3.1,-0.1,,strawju01
337,PJ Hall,23,2TM,C,15,2,154,17.7,.653,.114,.455,17.2,20.5,18.9,6.7,0.3,5.3,17.2,17.4,0.3,0.2,0.5,.142,-0.1,-0.4,-0.5,0.1,,hallpj01
338,Tyrese Proctor,21,CLE,PG,38,1,399,10.7,.525,.605,.162,1.6,9.6,5.6,17.9,1.8,0.0,11.4,21.0,0.1,0.3,0.5,.054,-2.7,-0.7,-3.4,-0.1,,proctty01
339,Kevon Looney,29,NOP,C,17,6,237,13.0,.455,.191,.170,17.3,22.6,19.9,13.5,1.2,3.3,13.7,10.3,0.3,0.2,0.4,.090,-1.8,-0.8,-2.6,0.0,,looneke01
340,Garrison Mathews,29,IND,SG,15,1,196,11.4,.628,.885,.442,1.1,8.5,4.7,7.1,1.5,1.3,4.6,14.0,0.3,0.1,0.4,.107,-1.2,0.1,-1.1,0.0,,mathega01
341,Keon Ellis,26,2TM,SG,44,5,777,9.2,.537,.692,.150,2.1,6.3,4.2,4.5,3.0,2.5,8.8,13.7,-0.1,0.5,0.4,.026,-3.0,0.9,-2.0,0.0,,elliske01
342,Malaki Branham,22,WAS,SG,28,0,275,14.1,.604,.407,.374,4.6,12.4,8.4,11.9,1.7,1.0,12.4,18.4,0.3,0.1,0.4,.073,-0.9,-1.4,-2.4,0.0,,branhma01
343,Danny Wolf,21,BRK,PF,36,7,718,11.4,.498,.475,.190,5.8,21.3,13.2,15.2,1.4,2.0,11.8,19.6,-0.2,0.6,0.4,.027,-2.8,-0.5,-3.2,-0.2,,wolfda01
344,Brook Lopez,37,LAC,C,43,8,745,10.2,.518,.718,.118,2.4,14.4,8.6,7.6,1.4,5.4,11.0,18.0,-0.3,0.7,0.4,.025,-2.5,0.1,-2.3,-0.1,,lopezbr01
345,Chris Youngblood,23,OKC,SG,32,0,174,10.1,.505,.850,.167,4.6,12.5,8.7,8.1,1.1,1.7,3.0,16.5,0.1,0.3,0.4,.109,-2.6,-0.5,-3.0,0.0,,youngch01
346,Gary Trent Jr.,27,MIL,SG,45,17,1085,8.0,.539,.740,.115,0.6,4.6,2.6,8.4,1.2,0.3,6.8,15.6,0.1,0.3,0.4,.017,-2.9,-1.8,-4.7,-0.8,,trentga02
347,Jared McCain,21,PHI,SG,37,1,620,9.5,.506,.515,.108,1.0,12.6,6.7,14.1,1.7,0.3,11.0,18.6,-0.1,0.5,0.4,.030,-2.9,-0.8,-3.7,-0.2,,mccaija01
348,Julian Phillips,22,CHI,SF,35,2,334,9.4,.533,.557,.125,7.2,6.9,7.1,2.7,2.4,1.6,7.0,12.6,0.1,0.2,0.4,.055,-2.9,-0.1,-3.0,-0.1,,phillju01
349,Larry Nance Jr.,33,CLE,PF,24,2,317,8.4,.466,.522,.056,7.1,14.2,10.6,9.5,2.2,1.2,10.7,13.5,0.0,0.4,0.4,.057,-4.6,0.8,-3.8,-0.1,,nancela02
350,Kobe Sanders,23,LAC,SG,42,11,904,8.3,.577,.477,.169,2.7,10.5,6.7,10.9,1.4,0.4,17.9,15.6,-0.1,0.4,0.4,.019,-3.6,-0.9,-4.5,-0.6,,sandeko01
351,Brooks Barnhizer,23,OKC,SG,28,0,214,7.4,.482,.341,.136,5.3,17.9,11.9,8.1,1.1,0.9,13.0,10.9,0.0,0.4,0.4,.081,-3.9,0.9,-3.0,-0.1,,barnhbr01
352,Chaz Lanier,24,DET,SG,18,0,162,10.0,.517,.824,.098,4.1,7.4,5.8,9.5,1.5,0.0,3.6,14.0,0.2,0.2,0.4,.105,-1.3,-0.6,-1.9,0.0,,laniech01
353,Mohamed Diawara,20,NYK,SF,41,5,232,11.4,.543,.585,.073,4.6,14.9,9.7,11.7,1.9,1.7,13.3,17.8,0.1,0.3,0.3,.072,-1.6,0.2,-1.4,0.0,,diawamo01
354,Mason Plumlee,35,CHO,C,14,2,125,13.4,.752,.000,1.000,9.3,26.3,18.1,16.5,2.4,0.0,34.2,8.9,0.2,0.2,0.3,.132,-1.6,2.5,0.8,0.1,,plumlma01
355,Drake Powell,20,BRK,SG,39,9,737,8.4,.560,.500,.247,1.9,8.3,5.0,12.6,1.4,0.6,15.3,14.7,0.1,0.3,0.3,.022,-4.1,-0.9,-5.1,-0.6,,poweldr01
356,Dereck Lively II,21,DAL,C,7,4,115,15.0,.670,.000,.556,13.2,20.5,16.9,14.6,1.6,8.0,30.9,11.8,0.1,0.2,0.3,.141,-3.1,3.8,0.8,0.1,,livelde01
357,Maxi Kleber,34,LAL,PF,25,1,275,7.8,.480,.378,.356,8.8,10.3,9.6,8.5,1.8,1.7,13.3,9.5,0.1,0.2,0.3,.058,-3.8,-0.1,-3.8,-0.1,,klebima01
358,Khris Middleton,34,WAS,SF,34,34,827,11.5,.531,.330,.230,3.8,13.4,8.5,19.1,1.5,1.0,14.7,19.5,0.1,0.2,0.3,.019,-2.6,-1.4,-4.0,-0.4,,middlkh01
359,Drew Timme,25,LAL,PF,16,0,128,14.7,.623,.368,.079,7.6,11.5,9.6,15.5,1.9,0.0,11.3,15.0,0.2,0.1,0.3,.119,0.1,-0.9,-0.8,0.0,,timmedr01
360,Kobe Brown,26,LAC,PF,34,0,295,11.3,.524,.583,.310,7.4,13.4,10.5,12.9,1.5,0.6,13.6,16.6,0.1,0.2,0.3,.052,-1.2,-1.2,-2.4,0.0,,brownko01
361,Taylor Hendricks,22,UTA,PF,33,6,492,10.3,.574,.547,.250,6.4,15.8,11.0,6.5,1.2,1.6,12.3,13.6,0.3,0.1,0.3,.030,-1.8,-1.9,-3.7,-0.2,,hendrta01
362,Tristan Vukcevic,22,WAS,C,31,2,354,16.7,.572,.398,.453,5.0,17.1,11.0,14.0,1.2,5.5,14.6,26.7,0.1,0.2,0.3,.042,-0.9,-0.7,-1.6,0.0,,vukcetr01
363,Jonathan Kuminga,23,GSW,PF,20,13,476,12.5,.543,.273,.340,6.6,20.5,13.5,15.8,0.8,1.1,17.1,23.9,-0.2,0.5,0.3,.031,-2.5,-1.1,-3.6,-0.2,,kuminjo01
364,DaRon Holmes,23,DEN,PF,14,6,175,10.4,.623,.791,.186,3.4,11.7,7.8,11.1,0.0,2.1,9.7,12.9,0.3,0.1,0.3,.085,-0.6,-1.5,-2.1,0.0,,holmeda01
365,Drew Eubanks,28,SAC,C,31,11,424,12.1,.612,.036,.387,6.7,15.4,11.0,2.7,1.4,4.0,16.1,15.6,0.1,0.2,0.3,.035,-3.6,-0.8,-4.4,-0.3,,eubandr01
366,Jevon Carter,30,CHI,PG,23,0,254,12.5,.577,.757,.097,2.1,8.7,5.5,10.3,2.4,0.7,9.3,19.7,0.1,0.2,0.3,.058,-0.7,-0.4,-1.1,0.1,,carteje01
367,Amir Coffey,28,MIL,SG,30,2,265,8.4,.584,.455,.273,2.6,8.4,5.5,5.5,0.6,1.1,6.1,11.0,0.2,0.1,0.3,.054,-3.2,-2.0,-5.2,-0.2,,coffeam01
368,Jeremiah Robinson-Earl,25,2TM,PF,22,3,361,9.5,.468,.410,.180,10.4,20.4,15.3,5.7,1.2,0.2,10.0,14.0,0.0,0.3,0.3,.039,-3.4,-1.6,-5.0,-0.3,,robinje02
369,Matisse Thybulle,28,POR,SG,4,0,49,21.6,.850,.600,.400,0.0,8.9,4.4,8.5,9.7,0.0,7.8,10.5,0.2,0.1,0.3,.281,0.4,10.7,11.1,0.2,,thybuma01
370,David Jones García,24,SAS,SF,11,0,68,21.2,.579,.200,.240,6.4,14.0,10.3,38.7,4.2,1.3,15.3,20.3,0.1,0.1,0.3,.202,2.6,3.6,6.2,0.1,,jonesda06
371,Christian Koloko,25,3TM,C,20,4,306,8.3,.447,.083,.100,9.1,14.0,11.5,5.8,1.9,6.0,16.1,10.1,-0.1,0.4,0.3,.045,-5.7,1.5,-4.2,-0.2,,kolokch01
372,Tolu Smith,25,DET,PF,5,0,55,23.3,.602,.000,1.000,20.3,35.8,28.1,9.5,1.7,9.0,15.6,19.2,0.1,0.1,0.3,.247,1.8,3.4,5.1,0.1,,smithto05
373,Tyrese Martin,26,BRK,SG,37,6,696,10.9,.507,.596,.102,5.1,13.0,8.8,15.6,1.6,0.5,11.0,18.8,-0.1,0.4,0.3,.019,-1.5,-1.5,-3.0,-0.2,,martity01
374,Jordan McLaughlin,29,SAS,PG,23,0,136,12.2,.544,.537,.122,3.2,9.3,6.3,16.7,3.9,0.0,15.6,15.9,0.0,0.2,0.3,.095,-2.4,2.7,0.3,0.1,,mclaujo01
375,Jamir Watkins,24,WAS,SG,24,2,385,8.5,.502,.561,.293,5.7,17.7,11.6,5.7,2.3,2.3,13.1,11.5,0.0,0.3,0.3,.033,-5.6,0.1,-5.5,-0.3,,watkija01
376,Gabe Vincent,29,LAL,PG,29,7,559,5.5,.512,.792,.085,1.5,4.1,2.8,8.4,1.2,0.2,8.2,11.4,0.1,0.1,0.3,.023,-3.9,-1.2,-5.0,-0.4,,vincega01
377,Walter Clayton,22,UTA,PG,45,0,811,10.5,.540,.559,.242,2.0,10.0,5.9,23.7,1.4,1.4,16.8,17.3,0.3,0.0,0.3,.016,-1.8,-1.6,-3.4,-0.3,,claytwa01
378,Jeff Green,39,HOU,PF,18,0,82,14.2,.632,.719,.031,1.3,12.1,6.7,5.3,0.6,1.1,3.0,17.0,0.2,0.1,0.3,.153,2.1,-1.5,0.5,0.1,,greenje02
379,Anthony Gill,33,WAS,PF,26,0,178,12.1,.688,.257,.229,7.6,14.9,11.3,3.8,2.4,2.5,20.6,11.4,0.1,0.1,0.3,.070,-3.4,-0.5,-3.8,-0.1,,gillan01
380,Will Riley,19,WAS,SF,42,1,652,11.6,.526,.412,.258,5.5,9.6,7.5,13.0,1.7,0.5,11.9,18.8,0.1,0.1,0.2,.017,-2.0,-2.0,-4.0,-0.3,,rileywi01
381,Yuki Kawamura,24,CHI,PG,4,0,76,15.6,.509,.765,.353,4.3,18.0,11.3,35.3,3.1,0.0,16.9,13.1,0.1,0.1,0.2,.142,-1.4,0.5,-0.8,0.0,,kawamyu01
382,JD Davison,23,HOU,PG,23,0,160,9.3,.450,.500,.196,1.4,10.3,5.8,20.2,1.6,2.3,10.7,14.6,0.1,0.2,0.2,.067,-3.2,0.9,-2.3,0.0,,davisjd01
383,Jaden Hardy,23,DAL,SG,34,4,428,10.8,.551,.639,.206,2.8,8.6,5.8,9.8,1.0,0.4,11.3,23.4,-0.1,0.3,0.2,.025,-2.0,-1.7,-3.7,-0.2,,hardyja02
384,Keegan Murray,25,SAC,PF,19,18,683,12.0,.502,.355,.147,4.8,14.4,9.5,6.2,1.6,3.9,7.4,18.6,-0.2,0.4,0.2,.015,-2.1,-0.8,-2.8,-0.2,,murrake02
385,Nick Richards,28,PHO,C,28,2,254,11.4,.534,.000,.394,15.0,24.9,19.8,4.4,0.8,5.3,23.1,18.0,-0.2,0.4,0.2,.041,-6.0,-0.8,-6.8,-0.3,,richani01
386,Dalton Knecht,24,LAL,SF,41,1,472,9.3,.550,.593,.111,3.1,11.3,7.3,4.1,0.9,1.8,9.6,17.3,0.0,0.2,0.2,.022,-2.5,-2.0,-4.5,-0.3,,knechda01
387,Moritz Wagner,28,ORL,C,10,0,105,18.2,.609,.407,.288,5.2,23.6,14.3,4.9,1.8,0.0,10.7,29.9,0.1,0.1,0.2,.097,0.3,-1.5,-1.2,0.0,,wagnemo01
388,Grant Williams,27,CHO,PF,11,0,193,9.1,.479,.732,.268,6.6,18.2,12.6,7.6,1.3,0.9,10.1,15.2,0.0,0.2,0.2,.052,-2.9,0.2,-2.7,0.0,,willigr01
389,A.J. Lawson,25,TOR,SG,12,0,107,12.3,.545,.537,.220,7.2,15.9,11.5,3.9,1.8,2.8,8.2,19.5,0.1,0.1,0.2,.092,-2.1,-0.4,-2.5,0.0,,lawsoaj01
390,Jonathan Mogbo,24,TOR,PF,22,0,139,9.9,.497,.000,.179,9.6,20.4,14.9,9.3,1.4,2.8,16.6,11.1,0.0,0.2,0.2,.070,-4.3,0.0,-4.3,-0.1,,mogbojo01
391,Ron Harper Jr.,25,BOS,SF,8,1,68,14.1,.500,.792,.000,11.4,12.9,12.1,13.6,0.7,4.4,4.0,15.9,0.1,0.1,0.2,.142,1.0,0.9,1.9,0.1,,harpero02
392,Blake Wesley,22,POR,SG,8,0,137,12.6,.512,.333,.244,3.1,11.2,7.1,28.3,3.8,0.6,18.1,18.0,0.0,0.2,0.2,.070,-3.2,1.9,-1.2,0.0,,weslebl01
393,Cam Christie,20,LAC,SG,35,0,354,9.8,.519,.396,.396,4.1,14.7,9.6,8.4,1.3,0.8,11.9,16.9,0.0,0.2,0.2,.026,-2.9,-1.4,-4.3,-0.2,,chrisca02
394,Jarace Walker,22,IND,PF,51,18,1207,10.3,.528,.502,.244,2.0,18.3,9.8,12.2,1.5,1.2,14.2,19.9,-0.9,1.1,0.2,.008,-2.5,-0.4,-2.9,-0.3,,walkeja02
395,Nikola Jović,22,MIA,PF,40,1,742,10.0,.493,.522,.329,3.2,17.1,10.1,17.0,1.5,1.9,16.2,21.5,-0.8,1.0,0.2,.012,-3.2,0.2,-3.0,-0.2,,jovicni01
396,Eric Gordon,37,PHI,SG,6,0,74,14.5,.754,.667,.095,1.5,1.5,1.5,5.9,2.6,1.2,12.1,14.2,0.1,0.1,0.2,.119,2.1,0.2,2.3,0.1,,gordoer01
397,Amari Williams,24,BOS,PF,13,2,107,10.0,.542,.000,.800,6.2,21.5,13.9,6.8,0.9,8.5,22.8,10.6,0.0,0.2,0.2,.081,-4.7,2.6,-2.0,0.0,,william01
398,Xavier Tillman Sr.,27,BOS,C,14,1,111,11.3,.500,.484,.000,10.0,14.8,12.4,5.9,2.7,1.8,13.9,14.0,0.0,0.2,0.2,.075,-2.1,0.8,-1.3,0.0,,tillmxa01
399,Dorian Finney-Smith,32,HOU,PF,18,0,280,4.9,.425,.763,.085,6.6,11.4,9.0,5.3,1.3,1.0,14.0,10.6,-0.1,0.3,0.2,.030,-5.4,-0.4,-5.8,-0.3,,finnedo01
400,Lindy Waters III,28,SAS,SG,28,0,191,6.0,.496,.870,.019,1.1,10.5,5.9,7.4,1.0,0.0,6.8,12.9,0.0,0.2,0.2,.044,-3.7,0.0,-3.7,-0.1,,waterli01
401,Taurean Prince,31,MIL,SF,8,0,169,7.7,.623,.737,.079,0.0,8.6,4.3,6.3,1.7,1.1,11.3,11.6,0.1,0.1,0.2,.049,-3.3,-0.3,-3.7,-0.1,,princta02
402,Kevin McCullar Jr.,24,NYK,SF,13,0,89,11.6,.534,.583,.208,9.7,16.3,12.9,24.6,2.2,0.0,23.4,16.2,0.1,0.1,0.2,.091,-1.5,0.8,-0.7,0.0,,mcculke01
403,Terrence Shannon Jr.,25,MIN,SG,22,0,282,6.9,.538,.457,.333,2.4,8.4,5.4,6.4,1.2,0.3,13.9,16.1,-0.1,0.2,0.2,.029,-4.7,-0.9,-5.6,-0.2,,shannte01
404,Micah Peavy,24,NOP,SG,44,1,685,8.4,.443,.397,.068,5.8,8.8,7.3,9.3,2.2,0.9,5.4,14.5,-0.1,0.3,0.2,.012,-4.3,-1.1,-5.3,-0.6,,peavymi01
405,Alijah Martin,24,TOR,SG,11,0,89,11.7,.480,.423,.462,7.5,7.6,7.5,11.6,2.7,3.3,8.8,16.4,0.0,0.1,0.2,.087,-2.6,1.4,-1.3,0.0,,martial01
406,Ethan Thompson,26,IND,SG,21,5,325,7.5,.495,.674,.180,3.5,8.2,5.8,12.3,1.5,1.6,11.1,14.0,-0.1,0.2,0.2,.022,-3.9,0.1,-3.8,-0.1,,thompet01
407,Seth Curry,35,GSW,SG,2,0,32,18.7,.778,.444,.000,3.4,10.4,6.9,14.2,3.0,0.0,0.0,11.9,0.1,0.0,0.2,.226,1.5,3.8,5.3,0.1,,curryse01
408,Jalen Green,23,PHO,SG,5,2,70,20.0,.580,.565,.196,3.1,14.5,8.7,22.4,2.1,0.0,12.3,34.4,0.1,0.1,0.1,.100,4.3,-0.5,3.8,0.1,,greenja05
409,Jalen Wilson,25,BRK,PF,33,0,477,8.0,.534,.627,.293,1.2,11.3,6.0,6.7,1.2,0.4,8.6,16.9,0.0,0.2,0.1,.015,-3.7,-2.0,-5.6,-0.4,,wilsoja03
410,Keshad Johnson,24,MIA,SF,21,0,159,10.3,.512,.404,.298,9.6,15.5,12.6,1.7,1.4,2.3,12.2,18.7,-0.1,0.2,0.1,.042,-4.3,-0.9,-5.2,-0.1,,johnske10
411,Antonio Reeves,25,CHO,SG,7,0,56,11.5,.656,.625,.000,2.1,7.8,5.0,5.1,0.9,0.0,0.0,12.0,0.1,0.0,0.1,.120,-0.1,0.3,0.2,0.0,,reevean01
412,Jamal Cain,26,ORL,SF,19,0,132,8.2,.555,.500,.474,5.8,6.0,5.9,6.2,1.5,0.7,13.2,16.9,0.0,0.1,0.1,.051,-5.1,-1.6,-6.6,-0.2,,cainja01
413,Carter Bryant,20,SAS,PF,40,0,345,6.9,.458,.522,.122,5.4,16.5,11.0,3.8,1.1,1.3,9.7,16.4,-0.3,0.5,0.1,.019,-4.8,-0.8,-5.6,-0.3,,bryanca01
414,TyTy Washington Jr.,24,LAC,PG,3,0,30,22.0,.700,.500,.000,0.0,3.8,1.9,32.2,3.3,3.2,9.1,16.3,0.1,0.0,0.1,.210,5.4,1.9,7.3,0.1,,washity02
415,Thanasis Antetokounmpo,33,MIL,SF,17,0,50,18.1,.554,.067,.733,13.7,11.1,12.4,2.9,5.9,5.8,13.1,20.2,0.0,0.1,0.1,.118,-3.0,2.4,-0.6,0.0,,antetth01
416,Wendell Moore Jr.,24,DET,SG,4,0,49,10.0,.635,.143,.286,2.3,8.9,5.6,7.6,2.0,2.0,11.3,7.5,0.1,0.1,0.1,.117,-2.8,1.3,-1.5,0.0,,moorewe01
417,Pacome Dadiet,20,NYK,SG,18,0,57,8.7,.372,.556,.444,1.9,19.6,10.6,16.4,1.7,0.0,0.0,8.0,0.0,0.1,0.1,.097,-3.5,2.3,-1.2,0.0,,dadiepa01
418,Joe Ingles,38,MIN,SF,17,0,68,9.1,.635,.714,.286,0.0,7.9,4.0,22.6,4.9,0.0,43.2,8.6,0.0,0.1,0.1,.080,-3.8,4.2,0.4,0.0,,inglejo01
419,Chris Boucher,33,BOS,PF,9,0,94,7.8,.392,.600,.160,2.4,18.6,10.5,4.0,2.7,7.5,3.6,12.8,-0.1,0.2,0.1,.057,-5.8,2.5,-3.3,0.0,,bouchch01
420,Trey Alexander,22,NOP,SG,5,0,42,13.6,.778,.333,.000,0.0,10.6,5.2,16.5,1.1,2.3,10.0,9.9,0.1,0.0,0.1,.127,0.3,0.2,0.6,0.0,,alexatr01
421,Jordan Poole,26,NOP,PG,28,6,710,11.6,.533,.624,.287,0.9,7.1,3.9,17.6,1.3,1.2,12.2,25.5,0.0,0.1,0.1,.007,-0.9,-2.7,-3.5,-0.3,,poolejo01
422,E.J. Liddell,25,BRK,PF,10,0,49,13.9,.600,.647,.176,6.7,20.0,13.0,0.0,1.0,0.0,0.0,16.3,0.1,0.0,0.1,.102,0.7,-2.8,-2.0,0.0,,liddeej01
423,Lachlan Olbrich,22,CHI,C,15,0,113,6.7,.397,.353,.588,10.6,23.3,17.1,12.8,0.8,0.8,15.7,9.5,0.0,0.1,0.1,.044,-6.0,-0.1,-6.1,-0.1,,olbrila01
424,Skal Labissière,29,WAS,PF,3,0,38,16.4,.650,.500,.000,8.3,16.8,12.5,11.3,2.5,2.3,9.1,12.1,0.1,0.0,0.1,.127,-0.3,0.2,0.0,0.0,,labissk01
425,Isaiah Stevens,25,SAC,PG,2,0,23,18.9,.532,.000,2.000,4.8,5.0,4.9,30.7,6.3,0.0,0.0,7.0,0.1,0.0,0.1,.210,1.0,5.1,6.0,0.0,,steveis01
426,Leonard Miller,22,MIN,SF,19,0,95,12.2,.581,.364,.333,8.2,20.4,14.4,7.5,2.0,0.0,19.2,20.7,0.0,0.1,0.1,.051,-5.1,-0.6,-5.7,-0.1,,millele01
427,Orlando Robinson,25,ORL,C,4,1,25,14.7,.700,.400,.000,8.8,9.0,8.9,16.4,1.9,0.0,0.0,8.4,0.1,0.0,0.1,.191,0.6,0.5,1.0,0.0,,robinor01
428,Bronny James,21,LAL,SG,27,1,184,9.2,.498,.490,.102,2.6,4.9,3.8,20.5,2.9,0.5,19.0,14.9,0.0,0.1,0.1,.026,-2.9,-0.6,-3.5,-0.1,,jamesbr02
429,Miles Kelly,23,DAL,PG,12,0,102,8.7,.515,.788,.000,4.2,15.1,9.8,10.6,1.4,0.0,10.8,15.2,0.0,0.1,0.1,.045,-5.0,-0.6,-5.6,-0.1,,kellymi02
430,Isaiah Crawford,24,HOU,SF,5,0,28,14.8,.583,.667,.000,0.0,7.9,3.9,9.3,3.6,6.6,0.0,8.9,0.0,0.0,0.1,.160,0.8,3.9,4.7,0.0,,crawfis01
431,D'Angelo Russell,29,DAL,PG,26,3,495,12.5,.511,.483,.259,1.7,11.0,6.5,30.9,1.1,0.3,15.9,26.1,-0.3,0.4,0.1,.009,-0.8,-1.4,-2.2,0.0,,russeda01
432,Tristan Enaruna,24,CLE,SF,2,0,10,33.4,.667,.000,.000,53.7,0.0,27.2,28.4,0.0,0.0,0.0,12.4,0.1,0.0,0.1,.416,14.0,-2.7,11.3,0.0,,enarutr01
433,Bismack Biyombo,33,SAS,C,12,1,65,5.2,.654,.000,.333,3.4,8.1,5.8,5.7,2.2,1.4,30.4,6.4,0.0,0.1,0.1,.063,-5.5,1.7,-3.7,0.0,,biyombi01
434,Emanuel Miller,25,CHI,PF,5,0,33,15.2,.540,.462,.154,3.3,6.4,4.9,17.2,2.9,0.0,0.0,17.7,0.1,0.0,0.1,.113,1.7,0.8,2.5,0.0,,milleem01
435,Harrison Ingram,23,SAS,SF,4,0,13,22.7,.875,.250,.000,25.2,0.0,12.4,0.0,0.0,0.0,0.0,13.0,0.1,0.0,0.1,.283,8.0,-1.6,6.4,0.0,,ingraha01
436,Adou Thiero,21,LAL,SF,15,0,87,8.1,.465,.056,.444,9.7,14.4,12.1,7.3,2.8,1.1,15.7,12.7,0.0,0.1,0.1,.042,-5.9,-0.1,-6.0,-0.1,,thierad01
437,Riley Minix,25,SAS,SF,3,0,8,45.3,.750,.500,.000,13.6,13.2,13.4,33.3,6.0,0.0,0.0,31.7,0.1,0.0,0.1,.424,17.9,7.3,25.2,0.1,,minixri01
438,Caleb Houstan,23,ATL,SF,10,0,49,11.5,.705,.800,.200,8.7,2.2,5.5,5.4,1.0,1.8,19.7,17.3,0.0,0.0,0.1,.068,-1.0,-2.8,-3.8,0.0,,houstca01
439,DeAndre Jordan,37,NOP,C,2,1,23,18.3,.765,.000,.400,18.3,29.1,23.6,0.0,0.0,0.0,14.5,12.5,0.1,0.0,0.1,.142,2.0,-2.7,-0.7,0.0,,jordade01
440,Cam Whitmore,21,WAS,SF,21,0,354,13.8,.528,.331,.183,5.6,11.7,8.6,6.6,2.0,2.0,9.0,23.7,-0.1,0.1,0.1,.009,-1.1,-2.0,-3.1,-0.1,,whitmca01
441,Vladislav Goldin,24,MIA,C,2,0,8,23.9,1.000,.000,.000,0.0,12.9,6.4,38.1,0.0,11.2,0.0,10.1,0.0,0.0,0.1,.365,-0.3,11.5,11.2,0.0,,goldivl01
442,Javon Small,23,MEM,PG,17,0,227,9.3,.457,.513,.244,4.2,9.8,7.0,33.0,1.0,0.8,18.8,19.3,-0.1,0.2,0.1,.013,-2.5,-1.6,-4.1,-0.1,,smallja01
443,Chris Livingston,22,CLE,SF,3,0,17,15.3,.605,.429,.143,0.0,19.4,9.6,8.8,2.8,0.0,0.0,18.1,0.0,0.0,0.1,.167,-4.8,2.1,-2.7,0.0,,livinch01
444,Chris Paul,40,LAC,PG,16,0,228,8.2,.413,.536,.036,3.2,10.9,7.2,31.4,2.4,0.0,22.0,14.2,-0.1,0.2,0.1,.012,-4.0,-0.4,-4.4,-0.1,,paulch01
445,Luke Travers,24,CLE,SG,12,0,103,10.2,.350,.444,.250,9.4,16.0,12.7,10.7,3.2,3.6,7.0,17.3,-0.1,0.2,0.1,.027,-4.2,1.0,-3.2,0.0,,travelu01
446,Rasheer Fleming,21,PHO,PF,29,0,189,8.8,.432,.547,.147,10.9,10.8,10.8,3.7,1.6,3.0,8.1,19.4,-0.1,0.2,0.1,.014,-4.9,-1.8,-6.7,-0.2,,flemira01
447,Charles Bassey,25,MEM,C,2,0,31,12.6,.376,.000,.375,24.1,27.2,25.7,8.4,1.5,3.0,9.7,13.7,0.0,0.0,0.1,.085,-3.1,-1.2,-4.2,0.0,,bassech01
448,Rayan Rupert,21,POR,SG,43,0,523,5.8,.427,.477,.106,4.5,11.9,8.1,7.9,2.5,0.3,13.7,12.4,-0.4,0.5,0.1,.005,-5.8,0.8,-5.0,-0.4,,ruperra01
449,Trey Jemison,26,NYK,C,8,0,48,7.4,.643,.000,.200,15.7,16.3,16.0,5.0,0.0,4.2,42.4,8.3,0.0,0.0,0.1,.052,-6.5,-1.2,-7.7,-0.1,,jemistr01
450,Patrick Baldwin Jr.,23,LAC,SF,2,0,12,23.8,1.025,.750,.500,0.0,9.4,4.9,0.0,0.0,0.0,17.0,21.8,0.1,0.0,0.1,.206,5.2,-0.5,4.7,0.0,,baldwpa01
451,Johnny Juzang,24,MIN,SG,20,0,78,12.1,.506,.611,.222,7.1,15.2,11.2,11.0,1.2,0.0,11.2,24.0,0.0,0.1,0.0,.029,-2.1,-2.1,-4.1,0.0,,juzanjo01
452,Elijah Harkless,25,UTA,SG,7,0,66,7.5,.568,.636,.818,3.3,6.7,5.0,9.4,2.9,0.0,16.7,11.3,0.0,0.0,0.0,.032,-4.7,1.5,-3.2,0.0,,harklej01
453,Dillon Jones,24,NYK,SF,3,0,14,10.9,.500,.667,.000,7.7,15.9,11.7,8.7,3.5,0.0,0.0,9.0,0.0,0.0,0.0,.149,-2.4,2.6,0.1,0.0,,jonesdi01
454,Kobe Bufkin,22,LAL,SG,4,0,45,9.1,.505,.636,.182,2.7,10.1,6.5,5.7,1.1,6.3,7.8,12.4,0.0,0.0,0.0,.046,-2.8,-1.5,-4.4,0.0,,bufkiko01
455,Jacob Toppin,25,ATL,SF,5,0,17,15.1,.667,.000,.000,0.0,6.4,3.2,8.8,0.0,5.3,0.0,14.8,0.0,0.0,0.0,.115,-0.2,0.3,0.0,0.0,,toppija01
456,Koby Brea,23,PHO,SG,2,0,8,18.6,.515,.667,.667,0.0,14.1,6.9,34.0,0.0,0.0,0.0,20.5,0.0,0.0,0.0,.202,-0.5,-2.4,-3.0,0.0,,breako01
457,Cody Williams,21,UTA,SG,38,15,739,8.4,.524,.314,.152,4.8,8.1,6.4,6.2,1.3,2.1,8.8,13.4,0.1,0.0,0.0,.002,-3.4,-2.2,-5.6,-0.7,,willico04
458,Jahmai Mashack,23,MEM,SG,8,0,48,7.7,.400,.600,.000,4.4,15.4,10.0,18.2,4.0,0.0,23.1,11.2,0.0,0.1,0.0,.031,-5.8,2.4,-3.5,0.0,,mashaja01
459,Isaac Jones,25,2TM,PF,4,1,18,7.3,.512,.500,.500,12.2,0.0,6.2,7.0,0.0,0.0,0.0,11.4,0.0,0.0,0.0,.071,-6.2,-2.3,-8.4,0.0,,jonesis01
460,Brandon Clarke,29,MEM,PF,2,2,20,12.3,.372,.000,.444,21.4,10.5,15.9,7.0,4.7,0.0,0.0,22.2,0.0,0.0,0.0,.061,-4.7,0.2,-4.4,0.0,,clarkbr01
461,Jahmir Young,25,MIA,PG,7,0,36,9.1,.486,.400,.067,2.8,5.7,4.3,22.5,1.3,0.0,11.5,19.6,0.0,0.0,0.0,.029,-4.7,-0.8,-5.4,0.0,,youngja05
462,Chris Mañon,24,LAL,SG,4,0,14,7.3,.000,1.000,.000,8.6,16.2,12.5,0.0,3.5,13.4,0.0,3.1,0.0,0.0,0.0,.068,-5.7,5.0,-0.6,0.0,,manonch01
463,Oscar Tshiebwe,26,UTA,C,2,0,25,11.2,.466,.000,.167,17.3,17.7,17.5,10.7,1.9,0.0,13.4,12.3,0.0,0.0,0.0,.036,-1.7,-1.7,-3.4,0.0,,tshieos01
464,Colby Jones,23,DET,SG,1,0,7,13.0,.333,.667,.000,0.0,62.4,31.6,38.1,0.0,0.0,0.0,17.7,0.0,0.0,0.0,.122,-3.2,5.5,2.3,0.0,,jonesco02
465,Bogdan Bogdanović,33,LAC,SG,17,3,372,7.8,.502,.612,.157,1.6,12.7,7.4,16.9,1.1,0.3,14.5,18.1,-0.2,0.2,0.0,.002,-3.2,-1.2,-4.4,-0.2,,bogdabo01
466,Obi Toppin,27,IND,PF,3,0,82,11.9,.526,.472,.250,3.8,23.1,13.1,9.4,1.7,0.0,13.1,23.6,-0.1,0.1,0.0,.008,-2.4,-0.4,-2.8,0.0,,toppiob01
467,N'Faly Dante,24,ATL,C,4,0,15,12.4,.338,.000,.250,21.4,29.1,25.2,0.0,6.3,0.0,18.4,15.2,0.0,0.0,0.0,.041,-3.9,-1.1,-5.0,0.0,,nfalyda01
468,Mark Sears,23,MIL,PG,7,0,26,15.2,.666,.615,.615,4.4,4.3,4.3,12.3,0.0,0.0,19.5,34.9,0.0,0.0,0.0,.019,2.3,-4.5,-2.2,0.0,,searsma01
469,LJ Cryer,24,GSW,PG,3,0,8,14.1,.600,.800,.000,0.0,13.8,6.9,0.0,0.0,0.0,0.0,26.4,0.0,0.0,0.0,.060,-0.3,-2.1,-2.4,0.0,,cryerlj01
470,Kam Jones,23,IND,SG,14,1,124,8.2,.426,.378,.108,3.3,9.9,6.5,21.4,1.2,0.0,9.4,14.5,-0.1,0.1,0.0,.003,-3.8,-1.7,-5.5,-0.1,,joneska03
471,Malevy Leons,26,GSW,SF,5,0,21,10.9,.436,.333,.333,10.4,36.9,23.6,6.3,2.3,4.3,22.5,17.9,0.0,0.0,0.0,.013,-4.8,1.3,-3.5,0.0,,leonsma01
472,Trentyn Flowers,20,CHI,SF,2,0,6,16.8,.667,.333,.000,18.2,0.0,8.9,30.2,0.0,0.0,25.0,28.1,0.0,0.0,0.0,.024,1.9,-2.9,-1.0,0.0,,flowetr01
473,Stanley Umude,26,SAS,SG,1,0,2,-7.3,,,,0.0,0.0,0.0,0.0,0.0,0.0,,0.0,0.0,0.0,0.0,.026,-14.4,1.1,-13.3,0.0,,umudest01
474,Nick Smith Jr.,21,LAL,SG,24,1,301,9.5,.539,.544,.088,0.8,6.0,3.5,12.9,1.3,0.6,12.2,21.3,-0.1,0.1,0.0,.000,-2.5,-2.5,-5.0,-0.2,,smithni01
475,Tosan Evbuomwan,24,NYK,SF,5,0,8,-0.3,.000,.000,.000,13.4,13.9,13.7,0.0,0.0,0.0,0.0,5.3,0.0,0.0,0.0,-0.029,-8.4,-3.2,-11.6,0.0,,evbuoto01
476,Ace Bailey,19,UTA,SF,45,34,1158,10.9,.531,.420,.094,6.3,9.4,7.8,9.0,1.5,1.9,10.0,19.4,0.0,0.0,0.0,.000,-1.9,-2.6,-4.5,-0.7,,baileac01
477,Kyle Lowry,39,PHI,PG,6,0,45,3.6,.375,1.000,.000,0.0,7.5,3.7,19.2,1.1,0.0,20.0,9.4,0.0,0.0,0.0,-0.010,-6.3,-1.8,-8.2,-0.1,,lowryky01
478,Mo Bamba,27,TOR,C,2,0,6,-2.8,.000,.000,.000,18.4,18.9,18.7,0.0,0.0,16.4,0.0,14.2,0.0,0.0,0.0,-0.161,-19.0,-2.7,-21.7,0.0,,bambamo01
479,Max Shulga,23,BOS,SG,1,0,2,-18.6,.000,.000,.000,0.0,0.0,0.0,0.0,0.0,0.0,0.0,21.6,0.0,0.0,0.0,-0.490,-23.8,-10.5,-34.4,0.0,,shulgma01
480,Monte Morris,30,IND,PG,6,0,65,7.0,.414,.400,.200,1.6,10.3,5.8,19.2,0.7,1.3,8.4,15.4,-0.1,0.0,0.0,-0.019,-4.5,-1.4,-5.9,-0.1,,morrimo01
481,James Wiseman,24,IND,C,4,1,58,4.2,.597,.000,.200,8.9,5.8,7.4,7.1,0.0,1.5,31.5,11.6,0.0,0.0,0.0,-0.021,-7.9,-1.0,-8.9,-0.1,,wisemja01
482,Khaman Maluach,19,PHO,C,22,0,95,5.8,.512,.250,.500,6.9,16.7,11.7,4.1,0.5,8.1,29.1,15.3,-0.2,0.1,0.0,-0.016,-9.7,0.4,-9.3,-0.2,,maluakh01
483,Taelon Peter,23,IND,SG,23,0,169,7.2,.443,.915,.128,3.7,11.9,7.6,15.8,2.0,1.0,16.8,14.9,-0.2,0.1,0.0,-0.014,-3.8,-0.3,-4.1,-0.1,,peterta01
484,Doug McDermott,34,SAC,SF,8,0,76,5.6,.563,1.000,.000,0.0,7.5,3.7,3.6,0.0,1.2,11.1,15.2,0.0,0.0,0.0,-0.031,-2.9,-3.3,-6.2,-0.1,,mcderdo01
485,Noa Essengue,19,CHI,PF,2,0,6,-12.1,.000,.667,.000,0.0,0.0,0.0,0.0,7.9,0.0,0.0,21.1,-0.1,0.0,-0.1,-0.421,-20.6,-3.2,-23.8,0.0,,essenno01
486,Devin Carter,23,SAC,PG,16,0,159,10.5,.462,.475,.186,4.8,15.1,9.9,19.3,2.7,1.7,15.8,20.4,-0.2,0.1,-0.1,-0.016,-3.7,0.1,-3.6,-0.1,,cartede02
487,Hunter Dickinson,25,NOP,C,1,0,5,-11.0,.500,.000,.000,0.0,0.0,0.0,0.0,0.0,19.5,50.0,33.4,-0.1,0.0,-0.1,-0.524,-26.8,0.7,-26.1,0.0,,dickihu01
488,Hunter Tyson,25,DEN,PF,21,2,162,6.5,.398,.635,.250,2.9,21.3,12.6,13.2,0.6,0.6,8.0,17.0,-0.2,0.1,-0.1,-0.017,-5.2,-1.8,-7.0,-0.2,,tysonhu01
489,Garrett Temple,39,TOR,SG,13,0,36,2.1,.254,.714,.286,0.0,12.6,6.2,13.1,4.1,2.7,27.6,12.9,-0.1,0.1,-0.1,-0.086,-9.0,2.2,-6.9,0.0,,templga01
490,Dario Šarić,31,SAC,C,5,0,41,0.7,.363,.500,.333,2.7,13.9,8.2,5.9,0.0,0.0,22.5,9.3,-0.1,0.0,-0.1,-0.079,-6.8,-2.2,-9.0,-0.1,,saricda01
491,Sharife Cooper,24,WAS,PG,9,0,98,8.7,.599,.367,.067,4.3,13.0,8.6,17.6,0.5,0.9,26.3,17.8,-0.1,0.0,-0.1,-0.035,-4.5,-2.9,-7.3,-0.1,,coopesh01
492,Mac McClung,27,2TM,SG,4,0,47,8.5,.430,.480,.160,0.0,11.7,5.7,6.3,5.1,3.7,10.1,26.7,-0.2,0.1,-0.1,-0.079,-8.3,3.1,-5.3,0.0,,mccluma01
493,Andre Jackson Jr.,24,MIL,SG,24,0,158,5.7,.372,.591,.227,5.8,8.4,7.1,19.3,1.9,1.2,14.2,15.8,-0.2,0.1,-0.1,-0.024,-6.5,-1.3,-7.8,-0.2,,jacksan01
494,Hunter Sallis,22,PHI,SG,7,0,26,2.0,.595,.000,.400,0.0,4.4,2.1,20.8,0.0,3.5,46.0,17.7,-0.1,0.0,-0.1,-0.145,-7.6,-3.0,-10.7,-0.1,,sallihu01
495,Bobi Klintman,22,DET,SF,8,0,60,3.0,.364,.500,.136,9.3,21.8,15.7,8.6,1.6,0.0,17.7,19.4,-0.2,0.1,-0.1,-0.064,-8.9,-1.9,-10.8,-0.1,,klintbo01
496,Nigel Hayes-Davis,31,PHO,SF,27,0,195,4.2,.356,.348,.087,6.7,12.2,9.4,4.6,2.0,1.0,14.3,12.1,-0.3,0.2,-0.1,-0.022,-6.4,-0.9,-7.3,-0.3,,hayesni01
497,Curtis Jones,24,DEN,SG,6,0,31,1.4,.321,.643,.000,3.8,13.9,9.1,12.9,0.0,0.0,6.7,21.3,-0.1,0.0,-0.1,-0.142,-9.7,-5.8,-15.5,-0.1,,jonescu01
498,Tyson Etienne,26,BRK,PG,8,0,34,-1.2,.400,.867,.000,0.0,0.0,0.0,4.5,0.0,0.0,6.3,20.5,-0.1,0.0,-0.1,-0.136,-8.9,-5.7,-14.6,-0.1,,etienty01
499,Cody Martin,30,IND,SF,4,0,55,3.0,.277,.500,.600,1.9,26.3,13.7,4.6,3.5,3.1,24.0,12.8,-0.2,0.1,-0.1,-0.094,-10.0,2.2,-7.8,-0.1,,martico01
500,Jeremiah Fears,19,NOP,PG,53,44,1346,12.9,.518,.275,.231,3.0,12.6,7.7,17.4,2.4,1.1,14.4,24.7,-0.9,0.8,-0.1,-0.004,-2.2,-1.3,-3.6,-0.5,,fearsje01
501,Patrick Williams,24,CHI,PF,48,2,906,8.3,.497,.537,.153,3.8,12.9,8.5,8.3,1.5,1.4,12.3,17.4,-0.7,0.6,-0.1,-0.006,-3.5,-1.4,-4.8,-0.7,,willipa01
502,Daeqwon Plowden,27,SAC,SG,3,0,46,0.9,.182,.727,.000,7.2,12.4,9.7,2.7,0.0,2.0,0.0,10.2,-0.1,0.0,-0.1,-0.115,-7.2,-4.6,-11.8,-0.1,,plowdda01
503,Jahmyl Telfort,24,LAC,PF,8,0,32,-5.4,.087,1.000,1.000,0.0,10.6,5.5,3.8,1.6,0.0,14.8,9.4,-0.1,0.0,-0.1,-0.169,-12.2,-1.8,-14.0,-0.1,,telfoja01
504,Drew Peterson,26,CHO,PF,6,0,64,0.6,.148,.750,.125,5.4,10.3,7.9,3.8,2.3,1.4,0.0,11.1,-0.2,0.1,-0.1,-0.086,-8.4,-1.7,-10.1,-0.1,,peterdr01
505,Chucky Hepburn,22,TOR,PG,2,0,13,-13.5,.000,.833,.000,0.0,8.7,4.3,17.6,3.7,0.0,14.3,23.0,-0.1,0.0,-0.1,-0.440,-20.9,-3.2,-24.0,-0.1,,hepbuch01
506,Tre Mann,24,CHO,PG,31,1,505,8.6,.467,.523,.089,4.6,11.5,8.2,20.1,1.4,0.5,14.6,24.0,-0.5,0.4,-0.1,-0.012,-3.6,-1.6,-5.2,-0.4,,manntr01
507,Javonte Cooke,26,POR,SG,12,0,72,4.8,.351,.552,.069,3.0,12.2,7.5,13.3,4.0,0.0,16.7,20.2,-0.2,0.1,-0.1,-0.091,-7.4,0.9,-6.5,-0.1,,cookeja01
508,Johni Broome,23,PHI,C,9,0,43,2.2,.230,.150,.200,15.1,18.4,16.7,12.2,2.3,0.0,8.4,23.4,-0.2,0.1,-0.1,-0.162,-10.0,-4.8,-14.8,-0.1,,broomjo01
509,Cam Thomas,24,BRK,SG,24,8,582,12.5,.527,.380,.351,1.7,7.2,4.3,22.5,0.3,0.3,11.9,30.2,-0.2,0.0,-0.2,-0.013,-0.8,-4.2,-5.1,-0.4,,thomaca02
510,Bradley Beal,32,LAC,SG,6,6,121,5.1,.476,.396,.167,2.0,2.8,2.4,12.3,1.2,0.0,14.9,22.2,-0.2,0.0,-0.2,-0.075,-6.6,-4.0,-10.6,-0.3,,bealbr01
511,KJ Simpson,23,CHO,PG,14,2,223,7.8,.437,.438,.180,2.6,11.8,7.3,22.1,3.3,0.0,20.0,22.7,-0.5,0.3,-0.2,-0.044,-5.8,0.1,-5.6,-0.2,,simpskj01
512,Bub Carrington,20,WAS,PG,50,21,1410,9.2,.545,.614,.162,1.6,11.9,6.7,22.0,1.1,0.7,20.3,17.2,-0.3,0.1,-0.2,-0.007,-2.5,-2.1,-4.6,-0.9,,carrica01
513,RayJ Dennis,24,3TM,PG,15,0,177,6.7,.416,.534,.123,4.7,9.5,7.0,23.5,1.1,1.9,16.3,21.9,-0.4,0.1,-0.3,-0.071,-4.0,-1.0,-5.0,-0.1,,dennira01
514,Nolan Traoré,19,BRK,PG,28,5,563,6.9,.474,.455,.191,1.2,7.6,4.2,22.5,1.1,1.6,17.5,18.1,-0.6,0.2,-0.4,-0.033,-4.8,-1.8,-6.6,-0.7,,traorno01
515,Cole Anthony,25,MIL,PG,35,0,527,10.7,.483,.312,.113,3.5,15.0,9.3,34.3,1.9,2.0,21.1,25.8,-0.9,0.5,-0.4,-0.037,-3.8,-0.8,-4.6,-0.3,,anthoco01
516,Yang Hansen,20,POR,C,29,1,235,3.2,.393,.434,.237,6.8,16.3,11.5,11.9,0.4,3.0,23.0,18.8,-0.6,0.2,-0.4,-0.091,-8.3,-0.4,-8.7,-0.4,,yangha01
517,Nique Clifford,23,SAC,SG,48,7,958,7.2,.493,.432,.174,4.1,12.8,8.4,9.6,1.4,1.3,16.0,15.1,-0.8,0.3,-0.5,-0.024,-4.4,-1.2,-5.6,-0.9,,cliffni01
518,Rob Dillingham,21,MIN,PG,35,0,326,6.1,.404,.234,.142,1.7,11.9,6.9,23.8,2.8,0.8,19.4,24.0,-1.0,0.4,-0.5,-0.074,-7.8,-0.3,-8.1,-0.5,,dilliro01
519,AJ Johnson,21,WAS,SG,25,0,214,4.4,.396,.301,.145,3.9,11.4,7.6,14.0,1.6,0.0,16.9,20.7,-0.6,0.0,-0.6,-0.126,-7.3,-3.3,-10.6,-0.5,,johnsaj01
520,Ben Saraf,19,BRK,SG,19,5,329,4.8,.428,.484,.264,2.0,8.2,4.9,22.5,2.1,1.1,26.2,18.2,-0.8,0.2,-0.6,-0.091,-6.5,-1.3,-7.9,-0.5,,sarafbe01
521,Jordan Hawkins,23,NOP,SG,35,0,493,5.0,.424,.550,.107,3.0,10.9,6.8,7.0,0.8,1.4,11.1,16.8,-0.8,0.1,-0.7,-0.067,-4.6,-3.1,-7.8,-0.7,,hawkijo01
,League Average,,,,,,,,.580,.414,.265,5.2,14.8,10.0,16.2,1.7,1.9,12.2,19.9,,,,,,,,,,-9999